Distance_(pixels),Gray_Value
0,113.3863
1,113.5543
2,113.5938
3,113.7481
4,114.1717
5,114.8057
6,115.0868
7,115.1923
8,115.5141
9,115.9798
10,115.8962
11,115.2025
12,114.8315
13,114.7824
14,114.8197
15,115.0479
16,115.2856
17,115.6929
18,115.8709
19,115.9357
20,115.8856
21,116.2652
22,116.7939
23,116.9978
24,117.1104
25,117.4967
26,118.0177
27,118.4605
28,119.0638
29,119.1215
30,118.7304
31,118.4294
32,118.2682
33,118.4128
34,118.2424
35,117.8991
36,117.4856
37,117.3086
38,117.2797
39,117.2309
40,117.3819
41,117.4530
42,117.6601
43,117.7706
44,117.2414
45,117.0611
46,116.9007
47,117.0099
48,117.4382
49,117.9241
50,118.0194
51,117.8810
52,117.8489
53,117.7796
54,117.6650
55,117.7082
56,117.6366
57,117.3790
58,117.0194
59,116.6899
60,116.0282
61,115.7849
62,115.5608
63,115.4349
64,115.2670
65,115.1171
66,115.3599
67,115.5712
68,115.9984
69,116.1533
70,116.2905
71,116.5294
72,116.7670
73,117.1043
74,117.7780
75,118.2700
76,119.1047
77,119.4325
78,119.7987
79,119.8672
80,119.7888
81,119.4206
82,118.8404
83,118.3413
84,117.1342
85,117.1822
86,117.2432
87,117.4643
88,117.6630
89,117.9183
90,118.2756
91,118.5066
92,118.3081
93,118.1236
94,117.6986
95,117.8502
96,118.3244
97,119.0177
98,119.2562
99,119.2213
100,119.6263
101,119.9790
102,120.3012
103,120.6234
104,120.8638
105,121.2143
106,121.5822
107,121.8309
108,122.2869
109,122.7826
110,123.2145
111,122.9168
112,122.9606
113,123.5178
114,124.0458
115,124.2668
116,124.3710
117,124.1411
118,123.6387
119,122.9254
120,122.1855
121,121.7772
122,121.6712
123,121.7464
124,121.7861
125,122.3169
126,122.7483
127,122.8078
128,122.8091
129,122.6760
130,122.6373
131,122.4443
132,121.7545
133,121.7780
134,121.9037
135,121.9232
136,122.0540
137,122.4746
138,123.0681
139,123.5200
140,123.6844
141,124.3038
142,124.8206
143,124.8266
144,124.7115
145,124.7791
146,124.7102
147,124.5709
148,124.4106
149,124.3682
150,124.4133
151,124.7892
152,125.3873
153,125.8632
154,125.9813
155,126.2228
156,125.8972
157,125.6145
158,125.5834
159,126.1877
160,126.6840
161,126.9978
162,127.7837
163,128.5552
164,129.2840
165,130.0501
166,130.8772
167,131.6759
168,132.5740
169,133.1256
170,133.1964
171,132.7534
172,132.8071
173,133.3263
174,133.9404
175,134.2482
176,134.4532
177,135.0672
178,136.1499
179,136.9176
180,137.7965
181,138.3663
182,139.5177
183,141.2487
184,142.3667
185,143.3672
186,144.3257
187,145.4863
188,146.8246
189,147.5447
190,148.2214
191,149.0375
192,149.8586
193,151.0473
194,152.2967
195,153.3908
196,154.8520
197,155.5583
198,155.9010
199,156.2285
200,156.7133
201,157.1967
202,157.5245
203,157.8859
204,157.8185
205,158.1526
206,158.2769
207,158.4620
208,159.3348
209,160.7102
210,161.7710
211,162.0401
212,161.6059
213,161.5131
214,161.2621
215,160.7471
216,161.1763
217,161.8509
218,162.5567
219,162.5925
220,162.7470
221,163.2596
222,163.7455
223,163.6962
224,163.4031
225,163.9771
226,164.3800
227,164.4263
228,164.1985
229,164.6307
230,165.0169
231,165.2683
232,165.5266
233,165.8374
234,165.9693
235,166.2518
236,166.2268
237,166.6768
238,167.0900
239,167.3200
240,168.0221
241,169.0706
242,169.9102
243,170.1452
244,169.6085
245,169.6878
246,169.5742
247,169.2799
248,169.4305
249,170.0144
250,170.6030
251,170.6208
252,170.7536
253,170.8296
254,170.9604
255,170.8763
256,170.8209
257,170.8713
258,170.9342
259,171.1619
260,171.4738
261,171.8801
262,172.5158
263,172.8602
264,172.9462
265,172.7413
266,172.6688
267,172.7749
268,172.7603
269,172.9293
270,173.1240
271,173.3070
272,173.6288
273,173.9548
274,174.1289
275,174.1227
276,173.8704
277,173.6776
278,173.4153
279,173.6283
280,174.0947
281,174.7615
282,175.0955
283,175.2324
284,175.3094
285,175.6469
286,175.8457
287,175.6902
288,175.4378
289,175.4608
290,175.5947
291,175.7025
292,175.4499
293,175.1540
294,174.6453
295,174.4904
296,175.0065
297,175.7497
298,175.7007
299,175.3358
300,175.2794
301,175.5173
302,175.4961
303,174.6867
304,173.7203
305,172.9216
306,172.7273
307,172.7539
308,173.1164
309,173.1413
310,173.2510
311,173.3197
312,173.6122
313,173.7397
314,174.0401
315,174.0600
316,173.9608
317,174.6086
318,174.4345
319,173.4483
320,172.6296
321,171.8122
322,171.2690
323,171.1786
324,171.1609
325,171.7600
326,171.6369
327,170.8129
328,170.5853
329,170.7837
330,170.9269
331,170.2608
332,170.1903
333,170.3179
334,169.9685
335,169.3145
336,169.2656
337,169.3517
338,169.0976
339,168.6042
340,168.4838
341,168.6094
342,168.5920
343,168.0574
344,167.2402
345,166.3202
346,165.7599
347,165.5085
348,165.3599
349,165.9328
350,166.1361
351,165.8069
352,165.2399
353,164.7144
354,164.2918
355,164.0463
356,163.3904
357,163.5385
358,163.3118
359,162.4256
360,161.3213
361,160.6084
362,160.3401
363,160.1042
364,160.5186
365,160.3549
366,160.1322
367,159.5082
368,159.5470
369,159.8524
370,159.5559
371,158.9079
372,157.9651
373,157.5776
374,157.2556
375,157.2442
376,157.5633
377,157.4894
378,157.4267
379,157.0430
380,156.1319
381,155.3839
382,154.2613
383,153.3181
384,152.6539
385,151.5512
386,150.4074
387,149.3945
388,148.3811
389,148.1069
390,147.6450
391,147.3111
392,147.3001
393,147.0080
394,146.3642
395,145.8070
396,145.3735
397,145.0347
398,144.7689
399,144.2285
400,144.0953
401,143.3723
402,143.0124
403,142.4259
404,141.3627
405,140.6907
406,139.7348
407,138.9948
408,138.4352
409,137.7332
410,136.9963
411,136.4195
412,136.0011
413,135.6641
414,135.3512
415,135.0309
416,134.8823
417,135.1106
418,135.4339
419,135.6853
420,135.2652
421,135.0529
422,134.7166
423,134.1076
424,133.7339
425,133.3762
426,133.0585
427,132.6714
428,132.8858
429,132.9397
430,132.8284
431,132.0187
432,131.6339
433,131.6131
434,131.6412
435,131.4637
436,131.1533
437,130.9004
438,130.5654
439,129.9740
440,129.6114
441,129.4455
442,129.6661
443,129.8882
444,129.9978
445,129.9661
446,129.7558
447,129.3283
448,129.1134
449,129.0362
450,128.9766
451,128.9423
452,128.5961
453,128.3153
454,128.1295
455,128.0480
456,127.9366
457,127.5786
458,127.3458
459,127.2558
460,126.3152
461,125.7248
462,125.4349
463,125.2138
464,124.8823
465,124.5991
466,124.7416
467,125.0772
468,125.1459
469,125.2025
470,125.0011
471,124.7411
472,124.2151
473,123.7769
474,123.6124
475,123.6415
476,123.4024
477,123.6295
478,123.3541
479,122.8061
480,122.4828
481,122.4027
482,122.1452
483,121.6052
484,121.5941
485,121.6404
486,121.8948
487,121.9383
488,121.9766
489,122.1281
490,122.1970
491,122.3837
492,122.0629
493,122.0521
494,121.9380
495,122.0007
496,121.9866
497,122.0479
498,121.7998
499,121.6747
500,120.9496
501,120.7611
502,120.1447
503,119.5457
504,119.5929
505,119.9297
506,119.9956
507,120.2623
508,119.9915
509,120.3673
510,120.4739
511,120.3268
512,120.4272
513,120.6115
514,120.8629
515,120.7755
516,120.2793
517,120.2673
518,120.1062
519,119.9960
520,119.6281
521,119.2462
522,119.1807
523,119.3311
524,119.2468
525,119.4725
526,119.7652
527,119.9798
528,120.1170
529,120.3546
530,120.7116
531,121.0149
532,121.1156
533,120.9616
534,120.7063
535,120.5681
536,120.5602
537,120.4299
538,120.1097
539,119.8329
540,119.7211
541,120.1039
542,119.9830
543,119.6294
544,119.4179
545,119.6751
546,120.2733
547,120.6495
548,121.1668
549,121.4128
550,121.5356
551,121.2150
552,120.8793
553,121.0008
554,121.3875
555,121.8340
556,122.0061
557,122.2190
558,121.9588
559,121.3370
560,121.4349
561,121.8948
562,121.7448
563,121.0833
564,120.3815
565,120.2956
566,120.0755
567,119.8371
568,119.8756
569,120.2632
570,120.3951
571,120.3584
572,120.2678
573,120.6172
574,120.8835
575,121.0181
576,121.1974
577,121.8127
578,121.9853
579,121.9906
580,121.6821
581,121.6413
582,121.7450
583,121.7614
584,121.6293
585,121.4310
586,121.7439
587,121.9362
588,121.6428
589,121.7784
590,121.8734
591,121.8615
592,122.1288
593,122.4489
594,122.4344
595,122.2857
596,122.0690
597,122.4317
598,122.6400
599,122.6775
600,122.3914
601,122.1878
602,121.9744
603,121.9834
604,122.2298
605,122.2790
606,122.0444
607,122.0179
608,122.2214
609,122.6766
610,122.9322
611,123.0403
612,123.0807
613,123.3684
614,123.5683
615,123.7281
616,123.7814
617,123.4219
618,122.9702
619,122.4625
620,121.6814
621,121.6598
622,121.5995
623,121.5564
624,121.8154
625,122.2458
626,122.5178
627,122.4890
628,122.7216
629,123.0357
630,123.0472
631,122.7234
632,122.7108
633,123.3245
634,123.3765
635,123.0856
636,122.7767
637,123.1039
638,123.3820
639,123.5551
640,123.7152
641,123.8916
642,123.9794
643,123.8734
644,123.6869
645,124.3226
646,124.6416
647,124.3007
648,123.6808
649,123.1237
650,122.6700
651,122.2231
652,121.4952
653,120.9549
654,120.6820
655,120.7769
656,120.9874
657,121.1628
658,121.6398
659,121.8713
660,121.9353
661,121.9561
662,121.8181
663,121.4041
664,120.9261
665,120.5361
666,120.5146
667,120.7255
668,120.4854
669,121.1669
670,121.4102
671,121.1953
672,121.2722
673,121.8499
674,122.0742
675,121.6919
676,120.1289
677,119.9807
678,120.0499
679,119.9752
680,119.7008
681,119.3175
682,119.1552
683,119.2198
684,118.9495
685,119.1026
686,119.3863
687,119.5756
688,120.0151
689,120.6979
690,121.2243
691,121.6809
692,122.3941
693,122.6793
694,122.6781
695,122.0751
696,121.2050
697,120.5971
698,120.2447
699,120.0364
700,120.2414
701,120.5076
702,120.8698
703,121.1958
704,121.1720
705,121.2659
706,121.3816
707,121.3435
708,121.0949
709,121.1135
710,121.0443
711,120.9471
712,120.8190
713,120.4941
714,120.1511
715,119.9388
716,119.1447
717,119.0886
718,119.2144
719,119.2819
720,119.1558
721,118.9216
722,118.7776
723,118.7494
724,118.2289
725,118.4577
726,118.6475
727,118.7203
728,118.9423
729,119.3177
730,119.7893
731,119.9288
732,120.2441
733,120.2871
734,120.3894
735,120.5732
736,120.6810
737,120.6194
738,120.2260
739,120.0194
740,119.7722
741,119.7958
742,119.6167
743,119.4250
744,119.5037
745,119.9819
746,120.3696
747,120.6631
748,121.0075
749,121.1498
750,121.1698
751,121.0802
752,121.0512
753,121.2398
754,121.6241
755,121.7768
756,122.1795
757,122.4050
758,122.6234
759,122.6332
760,122.6335
761,122.8517
762,122.9388
763,122.8789
764,123.2402
765,123.4289
766,123.6417
767,123.7700
768,124.0711
769,124.6025
770,124.9479
771,125.0414
772,125.0559
773,125.6717
774,125.9306
775,125.7760
776,125.6246
777,125.3837
778,125.0992
779,124.7144
780,123.7624
781,123.8818
782,124.1567
783,124.3807
784,124.5285
785,124.4345
786,124.1791
787,123.9986
788,123.7709
789,123.9796
790,124.1862
791,124.3006
792,124.2747
793,124.5692
794,125.0698
795,125.4773
796,125.4606
797,125.1308
798,124.8135
799,124.4402
800,123.9971
801,123.5050
802,123.4392
803,123.6259
804,123.7832
805,123.9561
806,124.2766
807,124.7808
808,125.1836
809,125.1970
810,125.2837
811,125.4558
812,125.3451
813,125.4646
814,125.4734
815,125.2633
816,125.1067
817,125.3950
818,125.7118
819,125.9996
820,125.5834
821,125.7125
822,126.1118
823,126.3345
824,126.5943
825,126.7337
826,126.7963
827,126.7495
828,126.4931
829,126.5989
830,126.4944
831,126.3044
832,126.4196
833,126.9889
834,127.0846
835,126.9154
836,127.2487
837,127.5750
838,127.6771
839,127.2569
840,127.4529
841,127.9809
842,127.9735
843,127.5146
844,126.6815
845,126.6559
846,126.6116
847,126.6918
848,126.7142
849,126.6999
850,126.8221
851,126.8479
852,126.6731
853,126.6889
854,126.6747
855,126.8523
856,127.1064
857,127.8323
858,127.9703
859,127.8247
860,127.6230
