"state","knockout","replicate","experiment","fcs_subdir","fcs_file","syto9_channel","gating_template","Live_cells","Dead_cells"
"Exponential","WT",1,"OzanImir_20260809_v1","Knockout_Quiescence_Viability_4_ValidationExtended/Proliferative/FCS_files","Ozan_KO_Validation2_for_Resubmission2-Copy1-Quiescent_Validation-Group_001-A1 Well_001.fcs","B7-A","cytek_gating_OzanImir_20260809_v1.csv",17574,44
"Exponential","WT",2,"OzanImir_20260809_v1","Knockout_Quiescence_Viability_4_ValidationExtended/Proliferative/FCS_files","Ozan_KO_Validation2_for_Resubmission2-Copy1-Quiescent_Validation-Group_001-A2 Well_002.fcs","B7-A","cytek_gating_OzanImir_20260809_v1.csv",18506,41
"Exponential","WT",3,"OzanImir_20260809_v1","Knockout_Quiescence_Viability_4_ValidationExtended/Proliferative/FCS_files","Ozan_KO_Validation2_for_Resubmission2-Copy1-Quiescent_Validation-Group_001-A3 Well_003.fcs","B7-A","cytek_gating_OzanImir_20260809_v1.csv",18663,32
"Exponential","NRG1",1,"OzanImir_20260809_v1","Knockout_Quiescence_Viability_4_ValidationExtended/Proliferative/FCS_files","Ozan_KO_Validation2_for_Resubmission-Quiescent_Validation-Group_001-B4 Well_003.fcs","B7-A","cytek_gating_OzanImir_20260809_v1.csv",14246,263
"Exponential","NRG1",2,"OzanImir_20260809_v1","Knockout_Quiescence_Viability_4_ValidationExtended/Proliferative/FCS_files","Ozan_KO_Validation2_for_Resubmission-Quiescent_Validation-Group_001-C4 Well_013.fcs","B7-A","cytek_gating_OzanImir_20260809_v1.csv",15620,290
"Exponential","NRG1",3,"OzanImir_20260809_v1","Knockout_Quiescence_Viability_4_ValidationExtended/Proliferative/FCS_files","Ozan_KO_Validation2_for_Resubmission-Quiescent_Validation-Group_001-D4 Well_023.fcs","B7-A","cytek_gating_OzanImir_20260809_v1.csv",16988,349
"Exponential","NDT80",1,"OzanImir_20260809_v1","Knockout_Quiescence_Viability_4_ValidationExtended/Proliferative/FCS_files","Ozan_KO_Validation2_for_Resubmission2-Copy1-Quiescent_Validation-Group_001-B1 Well_013.fcs","B7-A","cytek_gating_OzanImir_20260809_v1.csv",16558,72
"Exponential","NDT80",2,"OzanImir_20260809_v1","Knockout_Quiescence_Viability_4_ValidationExtended/Proliferative/FCS_files","Ozan_KO_Validation2_for_Resubmission2-Copy1-Quiescent_Validation-Group_001-B2 Well_014.fcs","B7-A","cytek_gating_OzanImir_20260809_v1.csv",10570,58
"Exponential","NDT80",3,"OzanImir_20260809_v1","Knockout_Quiescence_Viability_4_ValidationExtended/Proliferative/FCS_files","Ozan_KO_Validation2_for_Resubmission2-Copy1-Quiescent_Validation-Group_001-B3 Well_015.fcs","B7-A","cytek_gating_OzanImir_20260809_v1.csv",12950,67
"Exponential","STP4",1,"OzanImir_20260809_v1","Knockout_Quiescence_Viability_4_ValidationExtended/Proliferative/FCS_files","Ozan_KO_Validation2_for_Resubmission2-Copy1-Quiescent_Validation-Group_001-B4 Well_016.fcs","B7-A","cytek_gating_OzanImir_20260809_v1.csv",8163,35
"Exponential","STP4",2,"OzanImir_20260809_v1","Knockout_Quiescence_Viability_4_ValidationExtended/Proliferative/FCS_files","Ozan_KO_Validation2_for_Resubmission2-Copy1-Quiescent_Validation-Group_001-B5 Well_017.fcs","B7-A","cytek_gating_OzanImir_20260809_v1.csv",11730,55
"Exponential","STP4",3,"OzanImir_20260809_v1","Knockout_Quiescence_Viability_4_ValidationExtended/Proliferative/FCS_files","Ozan_KO_Validation2_for_Resubmission2-Copy1-Quiescent_Validation-Group_001-B6 Well_018.fcs","B7-A","cytek_gating_OzanImir_20260809_v1.csv",17897,38
"Quiescent","WT",1,"OzanImir_20260401_v1","Knockout_Quiescence_Viability_3_Validation/FCS_files","Ozan_KO_Validation_Day3-Quiescent_Validation-Group_001-B2 Well_001.fcs","B3-A","cytek_gating_OzanImir_20260401_v1.csv",39822,1411
"Quiescent","WT",2,"OzanImir_20260401_v1","Knockout_Quiescence_Viability_3_Validation/FCS_files","Ozan_KO_Validation_Day3-Quiescent_Validation-Group_001-C2 Well_011.fcs","B3-A","cytek_gating_OzanImir_20260401_v1.csv",41943,1397
"Quiescent","WT",3,"OzanImir_20260401_v1","Knockout_Quiescence_Viability_3_Validation/FCS_files","Ozan_KO_Validation_Day3-Quiescent_Validation-Group_001-D2 Well_021.fcs","B3-A","cytek_gating_OzanImir_20260401_v1.csv",40282,1846
"Quiescent","NRG1",1,"OzanImir_20260401_v1","Knockout_Quiescence_Viability_3_Validation/FCS_files","Ozan_KO_Validation_Day3-Quiescent_Validation-Group_001-E7 Well_036.fcs","B3-A","cytek_gating_OzanImir_20260401_v1.csv",7396,3100
"Quiescent","NRG1",2,"OzanImir_20260401_v1","Knockout_Quiescence_Viability_3_Validation/FCS_files","Ozan_KO_Validation_Day3-Quiescent_Validation-Group_001-F7 Well_046.fcs","B3-A","cytek_gating_OzanImir_20260401_v1.csv",6143,3087
"Quiescent","NRG1",3,"OzanImir_20260401_v1","Knockout_Quiescence_Viability_3_Validation/FCS_files","Ozan_KO_Validation_Day3-Quiescent_Validation-Group_001-G7 Well_056.fcs","B3-A","cytek_gating_OzanImir_20260401_v1.csv",3580,1828
"Quiescent","NDT80",1,"OzanImir_20260401_v1","Knockout_Quiescence_Viability_3_Validation/FCS_files","Ozan_KO_Validation_Day3-Quiescent_Validation-Group_001-E5 Well_034.fcs","B3-A","cytek_gating_OzanImir_20260401_v1.csv",32249,3202
"Quiescent","NDT80",2,"OzanImir_20260401_v1","Knockout_Quiescence_Viability_3_Validation/FCS_files","Ozan_KO_Validation_Day3-Quiescent_Validation-Group_001-F5 Well_044.fcs","B3-A","cytek_gating_OzanImir_20260401_v1.csv",28572,5512
"Quiescent","NDT80",3,"OzanImir_20260401_v1","Knockout_Quiescence_Viability_3_Validation/FCS_files","Ozan_KO_Validation_Day3-Quiescent_Validation-Group_001-G5 Well_054.fcs","B3-A","cytek_gating_OzanImir_20260401_v1.csv",33157,4485
"Quiescent","STP4",1,"OzanImir_20260401_v1","Knockout_Quiescence_Viability_3_Validation/FCS_files","Ozan_KO_Validation_Day3-Quiescent_Validation-Group_001-E4 Well_033.fcs","B3-A","cytek_gating_OzanImir_20260401_v1.csv",38861,3177
"Quiescent","STP4",2,"OzanImir_20260401_v1","Knockout_Quiescence_Viability_3_Validation/FCS_files","Ozan_KO_Validation_Day3-Quiescent_Validation-Group_001-F4 Well_043.fcs","B3-A","cytek_gating_OzanImir_20260401_v1.csv",37592,3701
"Quiescent","STP4",3,"OzanImir_20260401_v1","Knockout_Quiescence_Viability_3_Validation/FCS_files","Ozan_KO_Validation_Day3-Quiescent_Validation-Group_001-G4 Well_053.fcs","B3-A","cytek_gating_OzanImir_20260401_v1.csv",37598,3578
