strain,viability_pct
Strain125,66.92
Strain095,85.34
Strain080,90.57
Strain021,91.22
Strain150,91.68
Strain082,92.0
Strain128,92.48
Strain113,92.5
Strain044,92.69
Strain058,92.73
Strain056,92.76
Strain069,92.77
Strain071,92.93
Strain045,92.98
Strain046,93.16
Strain159,93.26
Strain130,93.36
Strain024,93.36
Strain020,93.48
Strain104,93.5
Strain094,93.52
Strain057,93.55
Strain029,93.59
Strain068,93.6
Strain060,93.69
Strain036,93.71
Strain034,93.75
Strain048,93.82
Strain092,93.84
Strain039,94.0
Strain031,94.01
Strain032,94.04
Strain012,94.12
Strain146,94.17
Strain007,94.19
Strain077,94.22
Strain072,94.3
Strain070,94.32
Strain059,94.37
Strain142,94.39
Strain100,94.43
Strain047,94.44
Strain107,94.52
Strain083,94.59
Strain147,94.6
Strain022,94.62
Strain041,94.63
Strain126,94.68
Strain055,94.72
Strain019,94.8
Strain033,94.94
Strain131,94.98
Strain098,94.98
Strain140,94.99
Strain120,95.03
Strain141,95.03
Strain023,95.06
Strain099,95.08
Strain043,95.16
Strain112,95.16
Strain153,95.17
Strain129,95.22
Strain035,95.25
Strain010,95.29
Strain105,95.33
Strain096,95.34
Strain143,95.35
Strain081,95.39
Strain119,95.4
Strain116,95.41
Strain008,95.45
Strain093,95.5
Strain135,95.51
Strain148,95.59
Strain111,95.63
Strain149,95.69
Strain090,95.7
Strain050,95.71
Strain091,95.74
Strain109,95.75
Strain151,95.8
Strain132,95.87
Strain067,95.91
Strain118,96.02
Strain138,96.06
Strain145,96.06
Strain152,96.1
Strain114,96.11
Strain097,96.13
Strain102,96.14
Strain115,96.15
Strain133,96.19
Strain163,96.27
Strain079,96.32
Strain084,96.36
Strain011,96.38
Strain106,96.41
Strain164,96.43
Strain134,96.43
Strain144,96.45
Strain009,96.46
Strain136,96.5
Strain139,96.53
Strain123,96.55
Strain103,96.55
Strain074,96.63
Strain156,96.68
Strain161,96.75
Strain121,96.76
Strain165,96.76
Strain086,96.8
Strain158,96.82
Strain117,96.83
Strain154,96.84
Strain160,96.84
Strain108,96.87
Strain157,96.94
Strain166,97.04
Strain027,97.05
Strain051,97.06
Strain062,97.07
Strain124,97.11
Strain004,97.13
Strain110,97.13
Strain137,97.14
Strain040,97.15
Strain101,97.2
Strain122,97.2
Strain049,97.21
Strain052,97.38
Strain162,97.45
Strain085,97.46
Strain075,97.48
Strain003,97.49
Strain088,97.68
Strain002,97.73
Strain001,97.82
Strain015,97.91
Strain089,97.98
Strain054,97.98
Strain038,97.98
Strain066,98.06
Strain127,98.08
Strain076,98.13
Strain061,98.16
Strain037,98.22
Strain025,98.24
Strain028,98.28
Strain065,98.29
Strain013,98.34
Strain017,98.37
Strain016,98.4
Strain087,98.45
Strain078,98.48
Strain155,98.54
Strain063,98.58
Strain073,98.62
Strain064,98.66
SC5314,98.73
Strain005,98.87
Strain042,98.94
Strain030,98.99
Strain026,99.04
Strain018,99.04
Strain053,99.05
Strain006,99.08
Strain014,99.17
