sample_name,Dead_cells,Live_cells,name,knockout,media,dose,repeat,group,strain,viability,untreated_mean,norm_viability
Ozan_KO_Validation2_for_Resubmission2-Copy1-Quiescent_Validation-Group_001-A1 Well_001.fcs,44,17574,Ozan_KO_Validation2_for_Resubmission2-Copy1-Quiescent_Validation-Group_001-A1 Well_001.fcs,WT,Rich,Untreated,1,6HC,WT,0.9975025542059257,0.9978600888306217,0.9996416986422265
Ozan_KO_Validation2_for_Resubmission2-Copy1-Quiescent_Validation-Group_001-A2 Well_002.fcs,41,18506,Ozan_KO_Validation2_for_Resubmission2-Copy1-Quiescent_Validation-Group_001-A2 Well_002.fcs,WT,Rich,Untreated,2,6HC,WT,0.9977893999029492,0.9978600888306217,0.9999291594799073
Ozan_KO_Validation2_for_Resubmission2-Copy1-Quiescent_Validation-Group_001-A3 Well_003.fcs,32,18663,Ozan_KO_Validation2_for_Resubmission2-Copy1-Quiescent_Validation-Group_001-A3 Well_003.fcs,WT,Rich,Untreated,3,6HC,WT,0.9982883123829901,0.9978600888306217,1.0004291418778661
Ozan_KO_Validation2_for_Resubmission2-Copy1-Quiescent_Validation-Group_001-A7 Well_007.fcs,45,19086,Ozan_KO_Validation2_for_Resubmission2-Copy1-Quiescent_Validation-Group_001-A7 Well_007.fcs,BG,Rich,Untreated,1,6HC,BG,0.9976477967696409,0.9979996992336709,0.9996473922143461
Ozan_KO_Validation2_for_Resubmission2-Copy1-Quiescent_Validation-Group_001-A8 Well_008.fcs,35,18866,Ozan_KO_Validation2_for_Resubmission2-Copy1-Quiescent_Validation-Group_001-A8 Well_008.fcs,BG,Rich,Untreated,2,6HC,BG,0.9981482461245437,0.9979996992336709,1.00014884462489
Ozan_KO_Validation2_for_Resubmission2-Copy1-Quiescent_Validation-Group_001-A9 Well_009.fcs,34,18887,Ozan_KO_Validation2_for_Resubmission2-Copy1-Quiescent_Validation-Group_001-A9 Well_009.fcs,BG,Rich,Untreated,3,6HC,BG,0.9982030548068284,0.9979996992336709,1.000203763160764
Ozan_KO_Validation2_for_Resubmission2-Copy1-Quiescent_Validation-Group_001-B1 Well_013.fcs,72,16558,Ozan_KO_Validation2_for_Resubmission2-Copy1-Quiescent_Validation-Group_001-B1 Well_013.fcs,NDT80,Rich,Untreated,1,6HC,NDT,0.9956704750450992,0.9950220256949156,1.0006516934634997
Ozan_KO_Validation2_for_Resubmission2-Copy1-Quiescent_Validation-Group_001-B2 Well_014.fcs,58,10570,Ozan_KO_Validation2_for_Resubmission2-Copy1-Quiescent_Validation-Group_001-B2 Well_014.fcs,NDT80,Rich,Untreated,2,6HC,NDT,0.9945427173503952,0.9950220256949156,0.9995182937340652
Ozan_KO_Validation2_for_Resubmission2-Copy1-Quiescent_Validation-Group_001-B3 Well_015.fcs,67,12950,Ozan_KO_Validation2_for_Resubmission2-Copy1-Quiescent_Validation-Group_001-B3 Well_015.fcs,NDT80,Rich,Untreated,3,6HC,NDT,0.9948528846892525,0.9950220256949156,0.9998300128024352
Ozan_KO_Validation2_for_Resubmission2-Copy1-Quiescent_Validation-Group_001-B4 Well_016.fcs,35,8163,Ozan_KO_Validation2_for_Resubmission2-Copy1-Quiescent_Validation-Group_001-B4 Well_016.fcs,STP4,Rich,Untreated,1,6HC,STP,0.9957306660161015,0.9963149847690627,0.9994135200595256
Ozan_KO_Validation2_for_Resubmission2-Copy1-Quiescent_Validation-Group_001-B5 Well_017.fcs,55,11730,Ozan_KO_Validation2_for_Resubmission2-Copy1-Quiescent_Validation-Group_001-B5 Well_017.fcs,STP4,Rich,Untreated,2,6HC,STP,0.9953330504879083,0.9963149847690627,0.9990144338927293
Ozan_KO_Validation2_for_Resubmission2-Copy1-Quiescent_Validation-Group_001-B6 Well_018.fcs,38,17897,Ozan_KO_Validation2_for_Resubmission2-Copy1-Quiescent_Validation-Group_001-B6 Well_018.fcs,STP4,Rich,Untreated,3,6HC,STP,0.9978812378031782,0.9963149847690627,1.001572046047745
Ozan_KO_Validation2_for_Resubmission2-Quiescent_Validation-Group_001-B2 Well_001.fcs,6293,168,Ozan_KO_Validation2_for_Resubmission2-Quiescent_Validation-Group_001-B2 Well_001.fcs,WT,Rich,1,1,DR,WT,0.02600216684723727,0.9978600888306217,0.026057928499484177
Ozan_KO_Validation2_for_Resubmission2-Quiescent_Validation-Group_001-B3 Well_002.fcs,4877,212,Ozan_KO_Validation2_for_Resubmission2-Quiescent_Validation-Group_001-B3 Well_002.fcs,BG,Rich,1,1,DR,BG,0.04165847907250934,0.9979996992336709,0.04174197557824659
Ozan_KO_Validation2_for_Resubmission2-Quiescent_Validation-Group_001-B4 Well_003.fcs,4930,77,Ozan_KO_Validation2_for_Resubmission2-Quiescent_Validation-Group_001-B4 Well_003.fcs,NRG1,Rich,1,1,DR,NRG,0.015378470141801479,0.9811718110376589,0.015673575176948524
Ozan_KO_Validation2_for_Resubmission2-Quiescent_Validation-Group_001-B5 Well_004.fcs,1515,418,Ozan_KO_Validation2_for_Resubmission2-Quiescent_Validation-Group_001-B5 Well_004.fcs,NDT80,Rich,1,1,DR,NDT,0.21624418003103985,0.9950220256949156,0.21732602339130794
Ozan_KO_Validation2_for_Resubmission2-Quiescent_Validation-Group_001-B6 Well_005.fcs,7551,207,Ozan_KO_Validation2_for_Resubmission2-Quiescent_Validation-Group_001-B6 Well_005.fcs,STP4,Rich,1,1,DR,STP,0.02668213457076566,0.9963149847690627,0.026780822308870876
Ozan_KO_Validation2_for_Resubmission2-Quiescent_Validation-Group_001-B7 Well_006.fcs,7058,215,Ozan_KO_Validation2_for_Resubmission2-Quiescent_Validation-Group_001-B7 Well_006.fcs,WT,Rich,10,1,DR,WT,0.029561391447820707,0.9978600888306217,0.029624785857968614
Ozan_KO_Validation2_for_Resubmission2-Quiescent_Validation-Group_001-B8 Well_007.fcs,6418,290,Ozan_KO_Validation2_for_Resubmission2-Quiescent_Validation-Group_001-B8 Well_007.fcs,BG,Rich,10,1,DR,BG,0.043231961836613,0.9979996992336709,0.043318612089572085
Ozan_KO_Validation2_for_Resubmission2-Quiescent_Validation-Group_001-B9 Well_008.fcs,5612,71,Ozan_KO_Validation2_for_Resubmission2-Quiescent_Validation-Group_001-B9 Well_008.fcs,NRG1,Rich,10,1,DR,NRG,0.012493401372514517,0.9811718110376589,0.012733143402582935
Ozan_KO_Validation2_for_Resubmission2-Quiescent_Validation-Group_001-B10 Well_009.fcs,2188,403,Ozan_KO_Validation2_for_Resubmission2-Quiescent_Validation-Group_001-B10 Well_009.fcs,NDT80,Rich,10,1,DR,NDT,0.15553840216132767,0.9950220256949156,0.15631654189031732
Ozan_KO_Validation2_for_Resubmission2-Quiescent_Validation-Group_001-B11 Well_010.fcs,7243,167,Ozan_KO_Validation2_for_Resubmission2-Quiescent_Validation-Group_001-B11 Well_010.fcs,STP4,Rich,10,1,DR,STP,0.02253711201079622,0.9963149847690627,0.02262046878279175
Ozan_KO_Validation2_for_Resubmission2-Quiescent_Validation-Group_001-C2 Well_011.fcs,7006,168,Ozan_KO_Validation2_for_Resubmission2-Quiescent_Validation-Group_001-C2 Well_011.fcs,WT,Rich,1,2,DR,WT,0.023417897964873154,0.9978600888306217,0.023468117651960867
Ozan_KO_Validation2_for_Resubmission2-Quiescent_Validation-Group_001-C3 Well_012.fcs,5548,249,Ozan_KO_Validation2_for_Resubmission2-Quiescent_Validation-Group_001-C3 Well_012.fcs,BG,Rich,1,2,DR,BG,0.042953251681904434,0.9979996992336709,0.04303934331331636
Ozan_KO_Validation2_for_Resubmission2-Quiescent_Validation-Group_001-C4 Well_013.fcs,5552,75,Ozan_KO_Validation2_for_Resubmission2-Quiescent_Validation-Group_001-C4 Well_013.fcs,NRG1,Rich,1,2,DR,NRG,0.01332859427759019,0.9811718110376589,0.01358436323552167
Ozan_KO_Validation2_for_Resubmission2-Quiescent_Validation-Group_001-C5 Well_014.fcs,2652,585,Ozan_KO_Validation2_for_Resubmission2-Quiescent_Validation-Group_001-C5 Well_014.fcs,NDT80,Rich,1,2,DR,NDT,0.18072289156626506,0.9950220256949156,0.18162702623597665
Ozan_KO_Validation2_for_Resubmission2-Quiescent_Validation-Group_001-C6 Well_015.fcs,8271,185,Ozan_KO_Validation2_for_Resubmission2-Quiescent_Validation-Group_001-C6 Well_015.fcs,STP4,Rich,1,2,DR,STP,0.021877956480605486,0.9963149847690627,0.021958875270431277
Ozan_KO_Validation2_for_Resubmission2-Quiescent_Validation-Group_001-C7 Well_016.fcs,7140,164,Ozan_KO_Validation2_for_Resubmission2-Quiescent_Validation-Group_001-C7 Well_016.fcs,WT,Rich,10,2,DR,WT,0.022453450164293537,0.9978600888306217,0.022501601592871023
Ozan_KO_Validation2_for_Resubmission2-Quiescent_Validation-Group_001-C8 Well_017.fcs,6735,314,Ozan_KO_Validation2_for_Resubmission2-Quiescent_Validation-Group_001-C8 Well_017.fcs,BG,Rich,10,2,DR,BG,0.044545325578096186,0.9979996992336709,0.04463460821912169
Ozan_KO_Validation2_for_Resubmission2-Quiescent_Validation-Group_001-C9 Well_018.fcs,5671,79,Ozan_KO_Validation2_for_Resubmission2-Quiescent_Validation-Group_001-C9 Well_018.fcs,NRG1,Rich,10,2,DR,NRG,0.013739130434782608,0.9811718110376589,0.014002777373162098
Ozan_KO_Validation2_for_Resubmission2-Quiescent_Validation-Group_001-C10 Well_019.fcs,2270,609,Ozan_KO_Validation2_for_Resubmission2-Quiescent_Validation-Group_001-C10 Well_019.fcs,NDT80,Rich,10,2,DR,NDT,0.21153178186870442,0.9950220256949156,0.2125900496734957
Ozan_KO_Validation2_for_Resubmission2-Quiescent_Validation-Group_001-C11 Well_020.fcs,6908,185,Ozan_KO_Validation2_for_Resubmission2-Quiescent_Validation-Group_001-C11 Well_020.fcs,STP4,Rich,10,2,DR,STP,0.026082052728041732,0.9963149847690627,0.02617852097656378
Ozan_KO_Validation2_for_Resubmission2-Quiescent_Validation-Group_001-D2 Well_021.fcs,6707,112,Ozan_KO_Validation2_for_Resubmission2-Quiescent_Validation-Group_001-D2 Well_021.fcs,WT,Rich,1,3,DR,WT,0.016424695703182286,0.9978600888306217,0.016459918466555926
Ozan_KO_Validation2_for_Resubmission2-Quiescent_Validation-Group_001-D3 Well_022.fcs,5604,227,Ozan_KO_Validation2_for_Resubmission2-Quiescent_Validation-Group_001-D3 Well_022.fcs,BG,Rich,1,3,DR,BG,0.03892985765734865,0.9979996992336709,0.03900788515992693
Ozan_KO_Validation2_for_Resubmission2-Quiescent_Validation-Group_001-D4 Well_023.fcs,5664,60,Ozan_KO_Validation2_for_Resubmission2-Quiescent_Validation-Group_001-D4 Well_023.fcs,NRG1,Rich,1,3,DR,NRG,0.010482180293501049,0.9811718110376589,0.010683328012058763
Ozan_KO_Validation2_for_Resubmission2-Quiescent_Validation-Group_001-D5 Well_024.fcs,2050,449,Ozan_KO_Validation2_for_Resubmission2-Quiescent_Validation-Group_001-D5 Well_024.fcs,NDT80,Rich,1,3,DR,NDT,0.179671868747499,0.9950220256949156,0.18057074527774153
Ozan_KO_Validation2_for_Resubmission2-Quiescent_Validation-Group_001-D6 Well_025.fcs,7907,168,Ozan_KO_Validation2_for_Resubmission2-Quiescent_Validation-Group_001-D6 Well_025.fcs,STP4,Rich,1,3,DR,STP,0.020804953560371518,0.9963149847690627,0.020881903693533155
Ozan_KO_Validation2_for_Resubmission2-Quiescent_Validation-Group_001-D7 Well_026.fcs,7277,174,Ozan_KO_Validation2_for_Resubmission2-Quiescent_Validation-Group_001-D7 Well_026.fcs,WT,Rich,10,3,DR,WT,0.02335257012481546,0.9978600888306217,0.023402649716336495
Ozan_KO_Validation2_for_Resubmission2-Quiescent_Validation-Group_001-D8 Well_027.fcs,4076,7156,Ozan_KO_Validation2_for_Resubmission2-Quiescent_Validation-Group_001-D8 Well_027.fcs,BG,Rich,10,3,DR,BG,0.6371082621082621,0.9979996992336709,0.638385224562167
Ozan_KO_Validation2_for_Resubmission2-Quiescent_Validation-Group_001-D9 Well_028.fcs,6309,131,Ozan_KO_Validation2_for_Resubmission2-Quiescent_Validation-Group_001-D9 Well_028.fcs,NRG1,Rich,10,3,DR,NRG,0.020341614906832298,0.9811718110376589,0.02073196017048186
Ozan_KO_Validation2_for_Resubmission2-Quiescent_Validation-Group_001-D10 Well_029.fcs,1853,531,Ozan_KO_Validation2_for_Resubmission2-Quiescent_Validation-Group_001-D10 Well_029.fcs,NDT80,Rich,10,3,DR,NDT,0.22273489932885907,0.9950220256949156,0.223849214969189
Ozan_KO_Validation2_for_Resubmission2-Quiescent_Validation-Group_001-D11 Well_030.fcs,7165,145,Ozan_KO_Validation2_for_Resubmission2-Quiescent_Validation-Group_001-D11 Well_030.fcs,STP4,Rich,10,3,DR,STP,0.019835841313269494,0.9963149847690627,0.01990920704446423
Ozan_KO_Validation2_for_Resubmission-Quiescent_Validation-Group_001-B4 Well_003.fcs,263,14246,Ozan_KO_Validation2_for_Resubmission-Quiescent_Validation-Group_001-B4 Well_003.fcs,NRG1,Rich,Untreated,1,DR,NRG,0.9818733200082708,0.9811718110376589,1.0007149705716372
Ozan_KO_Validation2_for_Resubmission-Quiescent_Validation-Group_001-B7 Well_006.fcs,40,18837,Ozan_KO_Validation2_for_Resubmission-Quiescent_Validation-Group_001-B7 Well_006.fcs,WT,Rich,0.001,1,DR,WT,0.9978810192297505,0.9978600888306217,1.000020975284374
Ozan_KO_Validation2_for_Resubmission-Quiescent_Validation-Group_001-B8 Well_007.fcs,50,19015,Ozan_KO_Validation2_for_Resubmission-Quiescent_Validation-Group_001-B8 Well_007.fcs,BG,Rich,0.001,1,DR,BG,0.99737739312877,0.9979996992336709,0.9993764466007568
Ozan_KO_Validation2_for_Resubmission-Quiescent_Validation-Group_001-B9 Well_008.fcs,365,16155,Ozan_KO_Validation2_for_Resubmission-Quiescent_Validation-Group_001-B9 Well_008.fcs,NRG1,Rich,0.001,1,DR,NRG,0.9779055690072639,0.9811718110376589,0.9966710804431481
Ozan_KO_Validation2_for_Resubmission-Quiescent_Validation-Group_001-B10 Well_009.fcs,1,6,Ozan_KO_Validation2_for_Resubmission-Quiescent_Validation-Group_001-B10 Well_009.fcs,NDT80,Rich,0.001,1,DR,NDT,0.8571428571428571,0.9950220256949156,0.8614310387192035
Ozan_KO_Validation2_for_Resubmission-Quiescent_Validation-Group_001-B11 Well_010.fcs,87,14438,Ozan_KO_Validation2_for_Resubmission-Quiescent_Validation-Group_001-B11 Well_010.fcs,STP4,Rich,0.001,1,DR,STP,0.9940103270223752,0.9963149847690627,0.9976868181429374
Ozan_KO_Validation2_for_Resubmission-Quiescent_Validation-Group_001-C4 Well_013.fcs,290,15620,Ozan_KO_Validation2_for_Resubmission-Quiescent_Validation-Group_001-C4 Well_013.fcs,NRG1,Rich,Untreated,2,DR,NRG,0.9817724701445631,0.9811718110376589,1.0006121854502414
Ozan_KO_Validation2_for_Resubmission-Quiescent_Validation-Group_001-C7 Well_016.fcs,57,18320,Ozan_KO_Validation2_for_Resubmission-Quiescent_Validation-Group_001-C7 Well_016.fcs,WT,Rich,0.001,2,DR,WT,0.9968982967840235,0.9978600888306217,0.9990361453901565
Ozan_KO_Validation2_for_Resubmission-Quiescent_Validation-Group_001-C8 Well_017.fcs,48,19139,Ozan_KO_Validation2_for_Resubmission-Quiescent_Validation-Group_001-C8 Well_017.fcs,BG,Rich,0.001,2,DR,BG,0.9974983061447855,0.9979996992336709,0.999497601963938
Ozan_KO_Validation2_for_Resubmission-Quiescent_Validation-Group_001-C9 Well_018.fcs,232,17409,Ozan_KO_Validation2_for_Resubmission-Quiescent_Validation-Group_001-C9 Well_018.fcs,NRG1,Rich,0.001,2,DR,NRG,0.9868488180942123,0.9811718110376589,1.0057859459400382
Ozan_KO_Validation2_for_Resubmission-Quiescent_Validation-Group_001-C10 Well_019.fcs,881,1232,Ozan_KO_Validation2_for_Resubmission-Quiescent_Validation-Group_001-C10 Well_019.fcs,NDT80,Rich,0.001,2,DR,NDT,0.5830572645527686,0.9950220256949156,0.5859742292092137
Ozan_KO_Validation2_for_Resubmission-Quiescent_Validation-Group_001-C11 Well_020.fcs,73,19081,Ozan_KO_Validation2_for_Resubmission-Quiescent_Validation-Group_001-C11 Well_020.fcs,STP4,Rich,0.001,2,DR,STP,0.9961887856322439,0.9963149847690627,0.9998733340974009
Ozan_KO_Validation2_for_Resubmission-Quiescent_Validation-Group_001-D4 Well_023.fcs,349,16988,Ozan_KO_Validation2_for_Resubmission-Quiescent_Validation-Group_001-D4 Well_023.fcs,NRG1,Rich,Untreated,3,DR,NRG,0.979869642960143,0.9811718110376589,0.9986728439781216
Ozan_KO_Validation2_for_Resubmission-Quiescent_Validation-Group_001-D7 Well_026.fcs,43,18864,Ozan_KO_Validation2_for_Resubmission-Quiescent_Validation-Group_001-D7 Well_026.fcs,WT,Rich,0.001,3,DR,WT,0.9977257100544772,0.9978600888306217,0.9998653330485419
Ozan_KO_Validation2_for_Resubmission-Quiescent_Validation-Group_001-D8 Well_027.fcs,69,18913,Ozan_KO_Validation2_for_Resubmission-Quiescent_Validation-Group_001-D8 Well_027.fcs,BG,Rich,0.001,3,DR,BG,0.9963649773469603,0.9979996992336709,0.9983620016238823
Ozan_KO_Validation2_for_Resubmission-Quiescent_Validation-Group_001-D9 Well_028.fcs,435,16248,Ozan_KO_Validation2_for_Resubmission-Quiescent_Validation-Group_001-D9 Well_028.fcs,NRG1,Rich,0.001,3,DR,NRG,0.973925552958101,0.9811718110376589,0.9926146899064553
Ozan_KO_Validation2_for_Resubmission-Quiescent_Validation-Group_001-D10 Well_029.fcs,880,1133,Ozan_KO_Validation2_for_Resubmission-Quiescent_Validation-Group_001-D10 Well_029.fcs,NDT80,Rich,0.001,3,DR,NDT,0.5628415300546448,0.9950220256949156,0.5656573578474915
Ozan_KO_Validation2_for_Resubmission-Quiescent_Validation-Group_001-D11 Well_030.fcs,164,17805,Ozan_KO_Validation2_for_Resubmission-Quiescent_Validation-Group_001-D11 Well_030.fcs,STP4,Rich,0.001,3,DR,STP,0.990873170460237,0.9963149847690627,0.9945380583530148
Ozan_KO_Validation2_for_Resubmission-Quiescent_Validation-Group_001-E2 Well_031.fcs,63,18870,Ozan_KO_Validation2_for_Resubmission-Quiescent_Validation-Group_001-E2 Well_031.fcs,WT,Rich,0.01,1,DR,WT,0.9966724766281096,0.9978600888306217,0.9988098409628711
Ozan_KO_Validation2_for_Resubmission-Quiescent_Validation-Group_001-E3 Well_032.fcs,51,19193,Ozan_KO_Validation2_for_Resubmission-Quiescent_Validation-Group_001-E3 Well_032.fcs,BG,Rich,0.01,1,DR,BG,0.9973498233215548,0.9979996992336709,0.9993488215351015
Ozan_KO_Validation2_for_Resubmission-Quiescent_Validation-Group_001-E4 Well_033.fcs,226,16423,Ozan_KO_Validation2_for_Resubmission-Quiescent_Validation-Group_001-E4 Well_033.fcs,NRG1,Rich,0.01,1,DR,NRG,0.9864256111478167,0.9811718110376589,1.0053546178671822
Ozan_KO_Validation2_for_Resubmission-Quiescent_Validation-Group_001-E5 Well_034.fcs,1060,1212,Ozan_KO_Validation2_for_Resubmission-Quiescent_Validation-Group_001-E5 Well_034.fcs,NDT80,Rich,0.01,1,DR,NDT,0.5334507042253521,0.9950220256949156,0.5361194932873916
Ozan_KO_Validation2_for_Resubmission-Quiescent_Validation-Group_001-E6 Well_035.fcs,66,19054,Ozan_KO_Validation2_for_Resubmission-Quiescent_Validation-Group_001-E6 Well_035.fcs,STP4,Rich,0.01,1,DR,STP,0.9965481171548117,0.9963149847690627,1.0002339946596337
Ozan_KO_Validation2_for_Resubmission-Quiescent_Validation-Group_001-E7 Well_036.fcs,1993,10522,Ozan_KO_Validation2_for_Resubmission-Quiescent_Validation-Group_001-E7 Well_036.fcs,WT,Rich,0.1,1,DR,WT,0.8407510986815822,0.9978600888306217,0.8425540895886984
Ozan_KO_Validation2_for_Resubmission-Quiescent_Validation-Group_001-E8 Well_037.fcs,1395,11130,Ozan_KO_Validation2_for_Resubmission-Quiescent_Validation-Group_001-E8 Well_037.fcs,BG,Rich,0.1,1,DR,BG,0.888622754491018,0.9979996992336709,0.8904038299544181
Ozan_KO_Validation2_for_Resubmission-Quiescent_Validation-Group_001-E9 Well_038.fcs,1418,5962,Ozan_KO_Validation2_for_Resubmission-Quiescent_Validation-Group_001-E9 Well_038.fcs,NRG1,Rich,0.1,1,DR,NRG,0.8078590785907859,0.9811718110376589,0.82336148419960975
Ozan_KO_Validation2_for_Resubmission-Quiescent_Validation-Group_001-E10 Well_039.fcs,1214,895,Ozan_KO_Validation2_for_Resubmission-Quiescent_Validation-Group_001-E10 Well_039.fcs,NDT80,Rich,0.1,1,DR,NDT,0.4243717401612139,0.9950220256949156,0.4264948204185088
Ozan_KO_Validation2_for_Resubmission-Quiescent_Validation-Group_001-E11 Well_040.fcs,1651,8896,Ozan_KO_Validation2_for_Resubmission-Quiescent_Validation-Group_001-E11 Well_040.fcs,STP4,Rich,0.1,1,DR,STP,0.8434625959988622,0.9963149847690627,0.8465822645379258
Ozan_KO_Validation2_for_Resubmission-Quiescent_Validation-Group_001-F2 Well_041.fcs,66,18951,Ozan_KO_Validation2_for_Resubmission-Quiescent_Validation-Group_001-F2 Well_041.fcs,WT,Rich,0.01,2,DR,WT,0.9965294210443287,0.9978600888306217,0.9986664785963608
Ozan_KO_Validation2_for_Resubmission-Quiescent_Validation-Group_001-F3 Well_042.fcs,75,18974,Ozan_KO_Validation2_for_Resubmission-Quiescent_Validation-Group_001-F3 Well_042.fcs,BG,Rich,0.01,2,DR,BG,0.996062785448055,0.9979996992336709,0.9980592040387355
Ozan_KO_Validation2_for_Resubmission-Quiescent_Validation-Group_001-F4 Well_043.fcs,291,15649,Ozan_KO_Validation2_for_Resubmission-Quiescent_Validation-Group_001-F4 Well_043.fcs,NRG1,Rich,0.01,2,DR,NRG,0.9817440401505646,0.9811718110376589,1.0005832098990906
Ozan_KO_Validation2_for_Resubmission-Quiescent_Validation-Group_001-F5 Well_044.fcs,1900,1675,Ozan_KO_Validation2_for_Resubmission-Quiescent_Validation-Group_001-F5 Well_044.fcs,NDT80,Rich,0.01,2,DR,NDT,0.46853146853146854,0.9950220256949156,0.47087547454464623
Ozan_KO_Validation2_for_Resubmission-Quiescent_Validation-Group_001-F6 Well_045.fcs,63,19130,Ozan_KO_Validation2_for_Resubmission-Quiescent_Validation-Group_001-F6 Well_045.fcs,STP4,Rich,0.01,2,DR,STP,0.9967175532746314,0.9963149847690627,1.0004040574634758
Ozan_KO_Validation2_for_Resubmission-Quiescent_Validation-Group_001-F7 Well_046.fcs,3266,7015,Ozan_KO_Validation2_for_Resubmission-Quiescent_Validation-Group_001-F7 Well_046.fcs,WT,Rich,0.1,2,DR,WT,0.6823266219239373,0.9978600888306217,0.6837898715074839
Ozan_KO_Validation2_for_Resubmission-Quiescent_Validation-Group_001-F8 Well_047.fcs,1821,10356,Ozan_KO_Validation2_for_Resubmission-Quiescent_Validation-Group_001-F8 Well_047.fcs,BG,Rich,0.1,2,DR,BG,0.8504557772850456,0.9979996992336709,0.8521603542947768
Ozan_KO_Validation2_for_Resubmission-Quiescent_Validation-Group_001-F9 Well_048.fcs,1423,5291,Ozan_KO_Validation2_for_Resubmission-Quiescent_Validation-Group_001-F9 Well_048.fcs,NRG1,Rich,0.1,2,DR,NRG,0.7880548108430145,0.9811718110376589,0.8031771826073871
Ozan_KO_Validation2_for_Resubmission-Quiescent_Validation-Group_001-F10 Well_049.fcs,1394,846,Ozan_KO_Validation2_for_Resubmission-Quiescent_Validation-Group_001-F10 Well_049.fcs,NDT80,Rich,0.1,2,DR,NDT,0.3776785714285714,0.9950220256949156,0.37956805143564903
Ozan_KO_Validation2_for_Resubmission-Quiescent_Validation-Group_001-F11 Well_050.fcs,2440,9116,Ozan_KO_Validation2_for_Resubmission-Quiescent_Validation-Group_001-F11 Well_050.fcs,STP4,Rich,0.1,2,DR,STP,0.7888542748355832,0.9963149847690627,0.7917719665919036
Ozan_KO_Validation2_for_Resubmission-Quiescent_Validation-Group_001-G2 Well_051.fcs,135,18071,Ozan_KO_Validation2_for_Resubmission-Quiescent_Validation-Group_001-G2 Well_051.fcs,WT,Rich,0.01,3,DR,WT,0.9925848621333626,0.9978600888306217,0.9947134605779844
Ozan_KO_Validation2_for_Resubmission-Quiescent_Validation-Group_001-G3 Well_052.fcs,77,19094,Ozan_KO_Validation2_for_Resubmission-Quiescent_Validation-Group_001-G3 Well_052.fcs,BG,Rich,0.01,3,DR,BG,0.9959835167701215,0.9979996992336709,0.997979776481799
Ozan_KO_Validation2_for_Resubmission-Quiescent_Validation-Group_001-G4 Well_053.fcs,274,18033,Ozan_KO_Validation2_for_Resubmission-Quiescent_Validation-Group_001-G4 Well_053.fcs,NRG1,Rich,0.01,3,DR,NRG,0.9850330474681815,0.9811718110376589,1.0039353315974693
Ozan_KO_Validation2_for_Resubmission-Quiescent_Validation-Group_001-G5 Well_054.fcs,666,774,Ozan_KO_Validation2_for_Resubmission-Quiescent_Validation-Group_001-G5 Well_054.fcs,NDT80,Rich,0.01,3,DR,NDT,0.5375,0.9950220256949156,0.5401890471968338
Ozan_KO_Validation2_for_Resubmission-Quiescent_Validation-Group_001-G6 Well_055.fcs,46,19169,Ozan_KO_Validation2_for_Resubmission-Quiescent_Validation-Group_001-G6 Well_055.fcs,STP4,Rich,0.01,3,DR,STP,0.9976060369502993,0.9963149847690627,1.0012958273246646
Ozan_KO_Validation2_for_Resubmission-Quiescent_Validation-Group_001-G7 Well_056.fcs,2426,9345,Ozan_KO_Validation2_for_Resubmission-Quiescent_Validation-Group_001-G7 Well_056.fcs,WT,Rich,0.1,3,DR,WT,0.7939002633591029,0.9978600888306217,0.7956027826400628
Ozan_KO_Validation2_for_Resubmission-Quiescent_Validation-Group_001-G8 Well_057.fcs,1785,9622,Ozan_KO_Validation2_for_Resubmission-Quiescent_Validation-Group_001-G8 Well_057.fcs,BG,Rich,0.1,3,DR,BG,0.8435171385991058,0.9979996992336709,0.8452078084260076
Ozan_KO_Validation2_for_Resubmission-Quiescent_Validation-Group_001-G9 Well_058.fcs,1797,5024,Ozan_KO_Validation2_for_Resubmission-Quiescent_Validation-Group_001-G9 Well_058.fcs,NRG1,Rich,0.1,3,DR,NRG,0.7365488931241754,0.9811718110376589,0.7506828924744817
Ozan_KO_Validation2_for_Resubmission-Quiescent_Validation-Group_001-G10 Well_059.fcs,1458,1060,Ozan_KO_Validation2_for_Resubmission-Quiescent_Validation-Group_001-G10 Well_059.fcs,NDT80,Rich,0.1,3,DR,NDT,0.42096902303415407,0.9950220256949156,0.4230750799110729
Ozan_KO_Validation2_for_Resubmission-Quiescent_Validation-Group_001-G11 Well_060.fcs,3015,8096,Ozan_KO_Validation2_for_Resubmission-Quiescent_Validation-Group_001-G11 Well_060.fcs,STP4,Rich,0.1,3,DR,STP,0.7286472864728647,0.9963149847690627,0.7313422939651549
