name,knockout,media,dose,repeat.,group,repeat..1,repeat..2,repeat..3,repeat..4,repeat..5,repeat..6,repeat..7,repeat..8,repeat..9,repeat..10,repeat
Ozan_KO_Validation2_for_Resubmission2-Copy1-Quiescent_Validation-Group_001-A1 Well_001.fcs,WT,Rich,Untreated,1,6HC,1,1,1,1,1,1,1,1,1,1,1
Ozan_KO_Validation2_for_Resubmission2-Copy1-Quiescent_Validation-Group_001-A2 Well_002.fcs,WT,Rich,Untreated,2,6HC,2,2,2,2,2,2,2,2,2,2,2
Ozan_KO_Validation2_for_Resubmission2-Copy1-Quiescent_Validation-Group_001-A3 Well_003.fcs,WT,Rich,Untreated,3,6HC,3,3,3,3,3,3,3,3,3,3,3
Ozan_KO_Validation2_for_Resubmission2-Copy1-Quiescent_Validation-Group_001-A4 Well_004.fcs,WT,Minimal,Untreated,1,6HC,1,1,1,1,1,1,1,1,1,1,1
Ozan_KO_Validation2_for_Resubmission2-Copy1-Quiescent_Validation-Group_001-A5 Well_005.fcs,WT,Minimal,Untreated,2,6HC,2,2,2,2,2,2,2,2,2,2,2
Ozan_KO_Validation2_for_Resubmission2-Copy1-Quiescent_Validation-Group_001-A6 Well_006.fcs,WT,Minimal,Untreated,3,6HC,3,3,3,3,3,3,3,3,3,3,3
Ozan_KO_Validation2_for_Resubmission2-Copy1-Quiescent_Validation-Group_001-A7 Well_007.fcs,BG,Rich,Untreated,1,6HC,1,1,1,1,1,1,1,1,1,1,1
Ozan_KO_Validation2_for_Resubmission2-Copy1-Quiescent_Validation-Group_001-A8 Well_008.fcs,BG,Rich,Untreated,2,6HC,2,2,2,2,2,2,2,2,2,2,2
Ozan_KO_Validation2_for_Resubmission2-Copy1-Quiescent_Validation-Group_001-A9 Well_009.fcs,BG,Rich,Untreated,3,6HC,3,3,3,3,3,3,3,3,3,3,3
Ozan_KO_Validation2_for_Resubmission2-Copy1-Quiescent_Validation-Group_001-B1 Well_013.fcs,NDT80,Rich,Untreated,1,6HC,1,1,1,1,1,1,1,1,1,1,1
Ozan_KO_Validation2_for_Resubmission2-Copy1-Quiescent_Validation-Group_001-B2 Well_014.fcs,NDT80,Rich,Untreated,2,6HC,2,2,2,2,2,2,2,2,2,2,2
Ozan_KO_Validation2_for_Resubmission2-Copy1-Quiescent_Validation-Group_001-B3 Well_015.fcs,NDT80,Rich,Untreated,3,6HC,3,3,3,3,3,3,3,3,3,3,3
Ozan_KO_Validation2_for_Resubmission2-Copy1-Quiescent_Validation-Group_001-B4 Well_016.fcs,STP4,Rich,Untreated,1,6HC,1,1,1,1,1,1,1,1,1,1,1
Ozan_KO_Validation2_for_Resubmission2-Copy1-Quiescent_Validation-Group_001-B5 Well_017.fcs,STP4,Rich,Untreated,2,6HC,2,2,2,2,2,2,2,2,2,2,2
Ozan_KO_Validation2_for_Resubmission2-Copy1-Quiescent_Validation-Group_001-B6 Well_018.fcs,STP4,Rich,Untreated,3,6HC,3,3,3,3,3,3,3,3,3,3,3
Ozan_KO_Validation2_for_Resubmission2-Quiescent_Validation-Group_001-B2 Well_001.fcs,WT,Rich,1,1,DR,1,1,1,1,1,1,1,1,1,1,1
Ozan_KO_Validation2_for_Resubmission2-Quiescent_Validation-Group_001-B3 Well_002.fcs,BG,Rich,1,1,DR,1,1,1,1,1,1,1,1,1,1,1
Ozan_KO_Validation2_for_Resubmission2-Quiescent_Validation-Group_001-B4 Well_003.fcs,NRG1,Rich,1,1,DR,1,1,1,1,1,1,1,1,1,1,1
Ozan_KO_Validation2_for_Resubmission2-Quiescent_Validation-Group_001-B5 Well_004.fcs,NDT80,Rich,1,1,DR,1,1,1,1,1,1,1,1,1,1,1
Ozan_KO_Validation2_for_Resubmission2-Quiescent_Validation-Group_001-B6 Well_005.fcs,STP4,Rich,1,1,DR,1,1,1,1,1,1,1,1,1,1,1
Ozan_KO_Validation2_for_Resubmission2-Quiescent_Validation-Group_001-B7 Well_006.fcs,WT,Rich,10,1,DR,1,1,1,1,1,1,1,1,1,1,1
Ozan_KO_Validation2_for_Resubmission2-Quiescent_Validation-Group_001-B8 Well_007.fcs,BG,Rich,10,1,DR,1,1,1,1,1,1,1,1,1,1,1
Ozan_KO_Validation2_for_Resubmission2-Quiescent_Validation-Group_001-B9 Well_008.fcs,NRG1,Rich,10,1,DR,1,1,1,1,1,1,1,1,1,1,1
Ozan_KO_Validation2_for_Resubmission2-Quiescent_Validation-Group_001-B10 Well_009.fcs,NDT80,Rich,10,1,DR,1,1,1,1,1,1,1,1,1,1,1
Ozan_KO_Validation2_for_Resubmission2-Quiescent_Validation-Group_001-B11 Well_010.fcs,STP4,Rich,10,1,DR,1,1,1,1,1,1,1,1,1,1,1
Ozan_KO_Validation2_for_Resubmission2-Quiescent_Validation-Group_001-C2 Well_011.fcs,WT,Rich,1,2,DR,2,2,2,2,2,2,2,2,2,2,2
Ozan_KO_Validation2_for_Resubmission2-Quiescent_Validation-Group_001-C3 Well_012.fcs,BG,Rich,1,2,DR,2,2,2,2,2,2,2,2,2,2,2
Ozan_KO_Validation2_for_Resubmission2-Quiescent_Validation-Group_001-C4 Well_013.fcs,NRG1,Rich,1,2,DR,2,2,2,2,2,2,2,2,2,2,2
Ozan_KO_Validation2_for_Resubmission2-Quiescent_Validation-Group_001-C5 Well_014.fcs,NDT80,Rich,1,2,DR,2,2,2,2,2,2,2,2,2,2,2
Ozan_KO_Validation2_for_Resubmission2-Quiescent_Validation-Group_001-C6 Well_015.fcs,STP4,Rich,1,2,DR,2,2,2,2,2,2,2,2,2,2,2
Ozan_KO_Validation2_for_Resubmission2-Quiescent_Validation-Group_001-C7 Well_016.fcs,WT,Rich,10,2,DR,2,2,2,2,2,2,2,2,2,2,2
Ozan_KO_Validation2_for_Resubmission2-Quiescent_Validation-Group_001-C8 Well_017.fcs,BG,Rich,10,2,DR,2,2,2,2,2,2,2,2,2,2,2
Ozan_KO_Validation2_for_Resubmission2-Quiescent_Validation-Group_001-C9 Well_018.fcs,NRG1,Rich,10,2,DR,2,2,2,2,2,2,2,2,2,2,2
Ozan_KO_Validation2_for_Resubmission2-Quiescent_Validation-Group_001-C10 Well_019.fcs,NDT80,Rich,10,2,DR,2,2,2,2,2,2,2,2,2,2,2
Ozan_KO_Validation2_for_Resubmission2-Quiescent_Validation-Group_001-C11 Well_020.fcs,STP4,Rich,10,2,DR,2,2,2,2,2,2,2,2,2,2,2
Ozan_KO_Validation2_for_Resubmission2-Quiescent_Validation-Group_001-D2 Well_021.fcs,WT,Rich,1,3,DR,3,3,3,3,3,3,3,3,3,3,3
Ozan_KO_Validation2_for_Resubmission2-Quiescent_Validation-Group_001-D3 Well_022.fcs,BG,Rich,1,3,DR,3,3,3,3,3,3,3,3,3,3,3
Ozan_KO_Validation2_for_Resubmission2-Quiescent_Validation-Group_001-D4 Well_023.fcs,NRG1,Rich,1,3,DR,3,3,3,3,3,3,3,3,3,3,3
Ozan_KO_Validation2_for_Resubmission2-Quiescent_Validation-Group_001-D5 Well_024.fcs,NDT80,Rich,1,3,DR,3,3,3,3,3,3,3,3,3,3,3
Ozan_KO_Validation2_for_Resubmission2-Quiescent_Validation-Group_001-D6 Well_025.fcs,STP4,Rich,1,3,DR,3,3,3,3,3,3,3,3,3,3,3
Ozan_KO_Validation2_for_Resubmission2-Quiescent_Validation-Group_001-D7 Well_026.fcs,WT,Rich,10,3,DR,3,3,3,3,3,3,3,3,3,3,3
Ozan_KO_Validation2_for_Resubmission2-Quiescent_Validation-Group_001-D8 Well_027.fcs,BG,Rich,10,3,DR,3,3,3,3,3,3,3,3,3,3,3
Ozan_KO_Validation2_for_Resubmission2-Quiescent_Validation-Group_001-D9 Well_028.fcs,NRG1,Rich,10,3,DR,3,3,3,3,3,3,3,3,3,3,3
Ozan_KO_Validation2_for_Resubmission2-Quiescent_Validation-Group_001-D10 Well_029.fcs,NDT80,Rich,10,3,DR,3,3,3,3,3,3,3,3,3,3,3
Ozan_KO_Validation2_for_Resubmission2-Quiescent_Validation-Group_001-D11 Well_030.fcs,STP4,Rich,10,3,DR,3,3,3,3,3,3,3,3,3,3,3
Ozan_KO_Validation2_for_Resubmission2-Quiescent_Validation-Group_001-E2 Well_031.fcs,WT,Minimal,Untreated,1,MC,1,1,1,1,1,1,1,1,1,1,1
Ozan_KO_Validation2_for_Resubmission2-Quiescent_Validation-Group_001-E3 Well_032.fcs,WT,Minimal,Untreated,2,MC,2,2,2,2,2,2,2,2,2,2,2
Ozan_KO_Validation2_for_Resubmission2-Quiescent_Validation-Group_001-E4 Well_033.fcs,WT,Minimal,Untreated,3,MC,3,3,3,3,3,3,3,3,3,3,3
Ozan_KO_Validation2_for_Resubmission2-Quiescent_Validation-Group_001-E5 Well_034.fcs,WT,Minimal,0.001,1,MC,1,1,1,1,1,1,1,1,1,1,1
Ozan_KO_Validation2_for_Resubmission2-Quiescent_Validation-Group_001-E6 Well_035.fcs,WT,Minimal,0.001,2,MC,2,2,2,2,2,2,2,2,2,2,2
Ozan_KO_Validation2_for_Resubmission2-Quiescent_Validation-Group_001-E7 Well_036.fcs,WT,Minimal,0.001,3,MC,3,3,3,3,3,3,3,3,3,3,3
Ozan_KO_Validation2_for_Resubmission2-Quiescent_Validation-Group_001-E8 Well_037.fcs,WT,Minimal,0.01,1,MC,1,1,1,1,1,1,1,1,1,1,1
Ozan_KO_Validation2_for_Resubmission2-Quiescent_Validation-Group_001-E9 Well_038.fcs,WT,Minimal,0.01,2,MC,2,2,2,2,2,2,2,2,2,2,2
Ozan_KO_Validation2_for_Resubmission2-Quiescent_Validation-Group_001-E10 Well_039.fcs,WT,Minimal,0.01,3,MC,3,3,3,3,3,3,3,3,3,3,3
Ozan_KO_Validation2_for_Resubmission2-Quiescent_Validation-Group_001-F2 Well_041.fcs,WT,Minimal,0.1,1,MC,1,1,1,1,1,1,1,1,1,1,1
Ozan_KO_Validation2_for_Resubmission2-Quiescent_Validation-Group_001-F3 Well_042.fcs,WT,Minimal,0.1,2,MC,2,2,2,2,2,2,2,2,2,2,2
Ozan_KO_Validation2_for_Resubmission2-Quiescent_Validation-Group_001-F4 Well_043.fcs,WT,Minimal,0.1,3,MC,3,3,3,3,3,3,3,3,3,3,3
Ozan_KO_Validation2_for_Resubmission2-Quiescent_Validation-Group_001-F5 Well_044.fcs,WT,Minimal,1,1,MC,1,1,1,1,1,1,1,1,1,1,1
Ozan_KO_Validation2_for_Resubmission2-Quiescent_Validation-Group_001-F6 Well_045.fcs,WT,Minimal,1,2,MC,2,2,2,2,2,2,2,2,2,2,2
Ozan_KO_Validation2_for_Resubmission2-Quiescent_Validation-Group_001-F7 Well_046.fcs,WT,Minimal,1,3,MC,3,3,3,3,3,3,3,3,3,3,3
Ozan_KO_Validation2_for_Resubmission2-Quiescent_Validation-Group_001-F8 Well_047.fcs,WT,Minimal,10,1,MC,1,1,1,1,1,1,1,1,1,1,1
Ozan_KO_Validation2_for_Resubmission2-Quiescent_Validation-Group_001-F9 Well_048.fcs,WT,Minimal,10,2,MC,2,2,2,2,2,2,2,2,2,2,2
Ozan_KO_Validation2_for_Resubmission2-Quiescent_Validation-Group_001-F10 Well_049.fcs,WT,Minimal,10,3,MC,3,3,3,3,3,3,3,3,3,3,3
Ozan_KO_Validation2_for_Resubmission-Quiescent_Validation-Group_001-B2 Well_001.fcs,WT,Rich,Untreated,1,DR,1,1,1,1,1,1,1,1,1,1,1
Ozan_KO_Validation2_for_Resubmission-Quiescent_Validation-Group_001-B3 Well_002.fcs,BG,Rich,Untreated,1,DR,1,1,1,1,1,1,1,1,1,1,1
Ozan_KO_Validation2_for_Resubmission-Quiescent_Validation-Group_001-B4 Well_003.fcs,NRG1,Rich,Untreated,1,DR,1,1,1,1,1,1,1,1,1,1,1
Ozan_KO_Validation2_for_Resubmission-Quiescent_Validation-Group_001-B5 Well_004.fcs,NDT80,Rich,Untreated,1,DR,1,1,1,1,1,1,1,1,1,1,1
Ozan_KO_Validation2_for_Resubmission-Quiescent_Validation-Group_001-B6 Well_005.fcs,STP4,Rich,Untreated,1,DR,1,1,1,1,1,1,1,1,1,1,1
Ozan_KO_Validation2_for_Resubmission-Quiescent_Validation-Group_001-B7 Well_006.fcs,WT,Rich,0.001,1,DR,1,1,1,1,1,1,1,1,1,1,1
Ozan_KO_Validation2_for_Resubmission-Quiescent_Validation-Group_001-B8 Well_007.fcs,BG,Rich,0.001,1,DR,1,1,1,1,1,1,1,1,1,1,1
Ozan_KO_Validation2_for_Resubmission-Quiescent_Validation-Group_001-B9 Well_008.fcs,NRG1,Rich,0.001,1,DR,1,1,1,1,1,1,1,1,1,1,1
Ozan_KO_Validation2_for_Resubmission-Quiescent_Validation-Group_001-B10 Well_009.fcs,NDT80,Rich,0.001,1,DR,1,1,1,1,1,1,1,1,1,1,1
Ozan_KO_Validation2_for_Resubmission-Quiescent_Validation-Group_001-B11 Well_010.fcs,STP4,Rich,0.001,1,DR,1,1,1,1,1,1,1,1,1,1,1
Ozan_KO_Validation2_for_Resubmission-Quiescent_Validation-Group_001-C2 Well_011.fcs,WT,Rich,Untreated,2,DR,2,2,2,2,2,2,2,2,2,2,2
Ozan_KO_Validation2_for_Resubmission-Quiescent_Validation-Group_001-C3 Well_012.fcs,BG,Rich,Untreated,2,DR,2,2,2,2,2,2,2,2,2,2,2
Ozan_KO_Validation2_for_Resubmission-Quiescent_Validation-Group_001-C4 Well_013.fcs,NRG1,Rich,Untreated,2,DR,2,2,2,2,2,2,2,2,2,2,2
Ozan_KO_Validation2_for_Resubmission-Quiescent_Validation-Group_001-C5 Well_014.fcs,NDT80,Rich,Untreated,2,DR,2,2,2,2,2,2,2,2,2,2,2
Ozan_KO_Validation2_for_Resubmission-Quiescent_Validation-Group_001-C6 Well_015.fcs,STP4,Rich,Untreated,2,DR,2,2,2,2,2,2,2,2,2,2,2
Ozan_KO_Validation2_for_Resubmission-Quiescent_Validation-Group_001-C7 Well_016.fcs,WT,Rich,0.001,2,DR,2,2,2,2,2,2,2,2,2,2,2
Ozan_KO_Validation2_for_Resubmission-Quiescent_Validation-Group_001-C8 Well_017.fcs,BG,Rich,0.001,2,DR,2,2,2,2,2,2,2,2,2,2,2
Ozan_KO_Validation2_for_Resubmission-Quiescent_Validation-Group_001-C9 Well_018.fcs,NRG1,Rich,0.001,2,DR,2,2,2,2,2,2,2,2,2,2,2
Ozan_KO_Validation2_for_Resubmission-Quiescent_Validation-Group_001-C10 Well_019.fcs,NDT80,Rich,0.001,2,DR,2,2,2,2,2,2,2,2,2,2,2
Ozan_KO_Validation2_for_Resubmission-Quiescent_Validation-Group_001-C11 Well_020.fcs,STP4,Rich,0.001,2,DR,2,2,2,2,2,2,2,2,2,2,2
Ozan_KO_Validation2_for_Resubmission-Quiescent_Validation-Group_001-D2 Well_021.fcs,WT,Rich,Untreated,3,DR,3,3,3,3,3,3,3,3,3,3,3
Ozan_KO_Validation2_for_Resubmission-Quiescent_Validation-Group_001-D3 Well_022.fcs,BG,Rich,Untreated,3,DR,3,3,3,3,3,3,3,3,3,3,3
Ozan_KO_Validation2_for_Resubmission-Quiescent_Validation-Group_001-D4 Well_023.fcs,NRG1,Rich,Untreated,3,DR,3,3,3,3,3,3,3,3,3,3,3
Ozan_KO_Validation2_for_Resubmission-Quiescent_Validation-Group_001-D5 Well_024.fcs,NDT80,Rich,Untreated,3,DR,3,3,3,3,3,3,3,3,3,3,3
Ozan_KO_Validation2_for_Resubmission-Quiescent_Validation-Group_001-D6 Well_025.fcs,STP4,Rich,Untreated,3,DR,3,3,3,3,3,3,3,3,3,3,3
Ozan_KO_Validation2_for_Resubmission-Quiescent_Validation-Group_001-D7 Well_026.fcs,WT,Rich,0.001,3,DR,3,3,3,3,3,3,3,3,3,3,3
Ozan_KO_Validation2_for_Resubmission-Quiescent_Validation-Group_001-D8 Well_027.fcs,BG,Rich,0.001,3,DR,3,3,3,3,3,3,3,3,3,3,3
Ozan_KO_Validation2_for_Resubmission-Quiescent_Validation-Group_001-D9 Well_028.fcs,NRG1,Rich,0.001,3,DR,3,3,3,3,3,3,3,3,3,3,3
Ozan_KO_Validation2_for_Resubmission-Quiescent_Validation-Group_001-D10 Well_029.fcs,NDT80,Rich,0.001,3,DR,3,3,3,3,3,3,3,3,3,3,3
Ozan_KO_Validation2_for_Resubmission-Quiescent_Validation-Group_001-D11 Well_030.fcs,STP4,Rich,0.001,3,DR,3,3,3,3,3,3,3,3,3,3,3
Ozan_KO_Validation2_for_Resubmission-Quiescent_Validation-Group_001-E2 Well_031.fcs,WT,Rich,0.01,1,DR,1,1,1,1,1,1,1,1,1,1,1
Ozan_KO_Validation2_for_Resubmission-Quiescent_Validation-Group_001-E3 Well_032.fcs,BG,Rich,0.01,1,DR,1,1,1,1,1,1,1,1,1,1,1
Ozan_KO_Validation2_for_Resubmission-Quiescent_Validation-Group_001-E4 Well_033.fcs,NRG1,Rich,0.01,1,DR,1,1,1,1,1,1,1,1,1,1,1
Ozan_KO_Validation2_for_Resubmission-Quiescent_Validation-Group_001-E5 Well_034.fcs,NDT80,Rich,0.01,1,DR,1,1,1,1,1,1,1,1,1,1,1
Ozan_KO_Validation2_for_Resubmission-Quiescent_Validation-Group_001-E6 Well_035.fcs,STP4,Rich,0.01,1,DR,1,1,1,1,1,1,1,1,1,1,1
Ozan_KO_Validation2_for_Resubmission-Quiescent_Validation-Group_001-E7 Well_036.fcs,WT,Rich,0.1,1,DR,1,1,1,1,1,1,1,1,1,1,1
Ozan_KO_Validation2_for_Resubmission-Quiescent_Validation-Group_001-E8 Well_037.fcs,BG,Rich,0.1,1,DR,1,1,1,1,1,1,1,1,1,1,1
Ozan_KO_Validation2_for_Resubmission-Quiescent_Validation-Group_001-E9 Well_038.fcs,NRG1,Rich,0.1,1,DR,1,1,1,1,1,1,1,1,1,1,1
Ozan_KO_Validation2_for_Resubmission-Quiescent_Validation-Group_001-E10 Well_039.fcs,NDT80,Rich,0.1,1,DR,1,1,1,1,1,1,1,1,1,1,1
Ozan_KO_Validation2_for_Resubmission-Quiescent_Validation-Group_001-E11 Well_040.fcs,STP4,Rich,0.1,1,DR,1,1,1,1,1,1,1,1,1,1,1
Ozan_KO_Validation2_for_Resubmission-Quiescent_Validation-Group_001-F2 Well_041.fcs,WT,Rich,0.01,2,DR,2,2,2,2,2,2,2,2,2,2,2
Ozan_KO_Validation2_for_Resubmission-Quiescent_Validation-Group_001-F3 Well_042.fcs,BG,Rich,0.01,2,DR,2,2,2,2,2,2,2,2,2,2,2
Ozan_KO_Validation2_for_Resubmission-Quiescent_Validation-Group_001-F4 Well_043.fcs,NRG1,Rich,0.01,2,DR,2,2,2,2,2,2,2,2,2,2,2
Ozan_KO_Validation2_for_Resubmission-Quiescent_Validation-Group_001-F5 Well_044.fcs,NDT80,Rich,0.01,2,DR,2,2,2,2,2,2,2,2,2,2,2
Ozan_KO_Validation2_for_Resubmission-Quiescent_Validation-Group_001-F6 Well_045.fcs,STP4,Rich,0.01,2,DR,2,2,2,2,2,2,2,2,2,2,2
Ozan_KO_Validation2_for_Resubmission-Quiescent_Validation-Group_001-F7 Well_046.fcs,WT,Rich,0.1,2,DR,2,2,2,2,2,2,2,2,2,2,2
Ozan_KO_Validation2_for_Resubmission-Quiescent_Validation-Group_001-F8 Well_047.fcs,BG,Rich,0.1,2,DR,2,2,2,2,2,2,2,2,2,2,2
Ozan_KO_Validation2_for_Resubmission-Quiescent_Validation-Group_001-F9 Well_048.fcs,NRG1,Rich,0.1,2,DR,2,2,2,2,2,2,2,2,2,2,2
Ozan_KO_Validation2_for_Resubmission-Quiescent_Validation-Group_001-F10 Well_049.fcs,NDT80,Rich,0.1,2,DR,2,2,2,2,2,2,2,2,2,2,2
Ozan_KO_Validation2_for_Resubmission-Quiescent_Validation-Group_001-F11 Well_050.fcs,STP4,Rich,0.1,2,DR,2,2,2,2,2,2,2,2,2,2,2
Ozan_KO_Validation2_for_Resubmission-Quiescent_Validation-Group_001-G2 Well_051.fcs,WT,Rich,0.01,3,DR,3,3,3,3,3,3,3,3,3,3,3
Ozan_KO_Validation2_for_Resubmission-Quiescent_Validation-Group_001-G3 Well_052.fcs,BG,Rich,0.01,3,DR,3,3,3,3,3,3,3,3,3,3,3
Ozan_KO_Validation2_for_Resubmission-Quiescent_Validation-Group_001-G4 Well_053.fcs,NRG1,Rich,0.01,3,DR,3,3,3,3,3,3,3,3,3,3,3
Ozan_KO_Validation2_for_Resubmission-Quiescent_Validation-Group_001-G5 Well_054.fcs,NDT80,Rich,0.01,3,DR,3,3,3,3,3,3,3,3,3,3,3
Ozan_KO_Validation2_for_Resubmission-Quiescent_Validation-Group_001-G6 Well_055.fcs,STP4,Rich,0.01,3,DR,3,3,3,3,3,3,3,3,3,3,3
Ozan_KO_Validation2_for_Resubmission-Quiescent_Validation-Group_001-G7 Well_056.fcs,WT,Rich,0.1,3,DR,3,3,3,3,3,3,3,3,3,3,3
Ozan_KO_Validation2_for_Resubmission-Quiescent_Validation-Group_001-G8 Well_057.fcs,BG,Rich,0.1,3,DR,3,3,3,3,3,3,3,3,3,3,3
Ozan_KO_Validation2_for_Resubmission-Quiescent_Validation-Group_001-G9 Well_058.fcs,NRG1,Rich,0.1,3,DR,3,3,3,3,3,3,3,3,3,3,3
Ozan_KO_Validation2_for_Resubmission-Quiescent_Validation-Group_001-G10 Well_059.fcs,NDT80,Rich,0.1,3,DR,3,3,3,3,3,3,3,3,3,3,3
Ozan_KO_Validation2_for_Resubmission-Quiescent_Validation-Group_001-G11 Well_060.fcs,STP4,Rich,0.1,3,DR,3,3,3,3,3,3,3,3,3,3,3
