day,knockout,n,mean_viability,se_viability
Day3,WT,3,0.9632424987243502,0.0035769428674321977
Day3,PHO4,3,0.9541626110861408,0.004606553278914747
Day3,GRF10,3,0.9574201269611325,0.008208142793257777
Day3,TYE7,3,0.9560438595690285,0.004627365209611737
Day3,MIG2,3,0.9275392923920823,0.020615482820811062
Day3,GAL4,3,0.952506160836957,0.004018510658086886
Day3,WOR2,3,0.9456645350219774,0.009416316721620646
Day3,RCA1,3,0.9454942667452738,0.0068955062790336434
Day3,MRR1,3,0.964224304545703,0.0034060371680421043
Day3,ZCF38,3,0.9710441133725392,0.004703050628501407
Day3,UPC2,3,0.9362501754417135,0.0117971578014172
Day3,HAP43,3,0.9243506384165058,0.014219278264251034
Day3,STP4,3,0.9159674863387095,0.004301952675854924
Day3,NDT80,3,0.87627040532518,0.020737196258950503
Day3,RBF1,3,0.9689776742886815,0.011703249217606524
Day3,NRG1,3,0.6773929225640077,0.013667032912174429
Day3,AAF1,3,0.8519782102505045,0.030237751506907235
Day3,ARG81,3,0.8954290000307868,0.0135506858403305
Day3,ZCF6,3,0.9032982348663804,0.015076272506366381
Day3,unspecified,3,0.9539248422041005,0.00737141134076397
Day7,WT,3,0.9187384785652161,0.02213192231557193
Day7,PHO4,3,0.9256108934581059,0.0101275460495443
Day7,GRF10,3,0.896982937725514,0.018411178547776744
Day7,TYE7,3,0.8675890771047147,0.011149000490224336
Day7,MIG2,3,0.7759308426847851,0.12508848584982363
Day7,GAL4,3,0.8903050367250555,0.005349107739439523
Day7,WOR2,3,0.8690740060033211,0.029795915068593866
Day7,RCA1,3,0.8967918334619809,0.02672987690265424
Day7,MRR1,3,0.9104280970338686,0.011501495041421938
Day7,ZCF38,3,0.936288086158534,0.006381902961531257
Day7,UPC2,3,0.8897248778531457,0.018436282495725313
Day7,HAP43,3,0.8443280903652444,0.030907138781207953
Day7,STP4,3,0.8189101922585559,0.011692188050931251
Day7,NDT80,3,0.720631808309874,0.02676278691611176
Day7,RBF1,3,0.8726320100460636,0.021918523357024825
Day7,NRG1,3,0.6383238946454656,0.022347787288536137
Day7,AAF1,3,0.8262387223856112,0.0205353911240404
Day7,ARG81,3,0.8440081472142749,0.029895031628514195
Day7,ZCF6,3,0.8731042043318911,0.02589629639585755
Day7,unspecified,3,0.9212845503351373,0.02197720325004357
