sample_name,Live_cells,Dead_cells,name,knockout,media,dose,repeat,strain,viability
Ozan_KO_Validation2_for_Resubmission2_Quiescent-Day3-Group_001-A1 Well_001.fcs,17359,2150,Ozan_KO_Validation2_for_Resubmission2_Quiescent-Day3-Group_001-A1 Well_001.fcs,WT,Rich,Untreated,1,WT,0.8897944538418165
Ozan_KO_Validation2_for_Resubmission2_Quiescent-Day3-Group_001-A2 Well_002.fcs,17752,1684,Ozan_KO_Validation2_for_Resubmission2_Quiescent-Day3-Group_001-A2 Well_002.fcs,WT,Rich,Untreated,2,WT,0.9133566577485079
Ozan_KO_Validation2_for_Resubmission2_Quiescent-Day3-Group_001-A3 Well_003.fcs,17567,1859,Ozan_KO_Validation2_for_Resubmission2_Quiescent-Day3-Group_001-A3 Well_003.fcs,WT,Rich,Untreated,3,WT,0.9043035107587769
Ozan_KO_Validation2_for_Resubmission2_Quiescent-Day3-Group_001-A4 Well_004.fcs,19047,557,Ozan_KO_Validation2_for_Resubmission2_Quiescent-Day3-Group_001-A4 Well_004.fcs,BG,Rich,Untreated,1,BG,0.9715874311365027
Ozan_KO_Validation2_for_Resubmission2_Quiescent-Day3-Group_001-A5 Well_005.fcs,19267,379,Ozan_KO_Validation2_for_Resubmission2_Quiescent-Day3-Group_001-A5 Well_005.fcs,BG,Rich,Untreated,2,BG,0.980708541178866
Ozan_KO_Validation2_for_Resubmission2_Quiescent-Day3-Group_001-A6 Well_006.fcs,18998,600,Ozan_KO_Validation2_for_Resubmission2_Quiescent-Day3-Group_001-A6 Well_006.fcs,BG,Rich,Untreated,3,BG,0.9693846310848045
Ozan_KO_Validation2_for_Resubmission2_Quiescent-Day3-Group_001-A7 Well_007.fcs,17991,1418,Ozan_KO_Validation2_for_Resubmission2_Quiescent-Day3-Group_001-A7 Well_007.fcs,NRG1,Rich,Untreated,1,NRG,0.9269411097944252
Ozan_KO_Validation2_for_Resubmission2_Quiescent-Day3-Group_001-A8 Well_008.fcs,16160,5141,Ozan_KO_Validation2_for_Resubmission2_Quiescent-Day3-Group_001-A8 Well_008.fcs,NRG1,Rich,Untreated,2,NRG,0.7586498286465424
Ozan_KO_Validation2_for_Resubmission2_Quiescent-Day3-Group_001-A9 Well_009.fcs,12933,5188,Ozan_KO_Validation2_for_Resubmission2_Quiescent-Day3-Group_001-A9 Well_009.fcs,NRG1,Rich,Untreated,3,NRG,0.7137023343082611
Ozan_KO_Validation2_for_Resubmission2_Quiescent-Day3-Group_001-A10 Well_010.fcs,17095,1465,Ozan_KO_Validation2_for_Resubmission2_Quiescent-Day3-Group_001-A10 Well_010.fcs,NDT80,Rich,Untreated,1,NDT,0.9210668103448276
Ozan_KO_Validation2_for_Resubmission2_Quiescent-Day3-Group_001-A11 Well_011.fcs,17618,1214,Ozan_KO_Validation2_for_Resubmission2_Quiescent-Day3-Group_001-A11 Well_011.fcs,NDT80,Rich,Untreated,2,NDT,0.93553525913339
Ozan_KO_Validation2_for_Resubmission2_Quiescent-Day3-Group_001-A12 Well_012.fcs,17910,1071,Ozan_KO_Validation2_for_Resubmission2_Quiescent-Day3-Group_001-A12 Well_012.fcs,NDT80,Rich,Untreated,3,NDT,0.9435751541014699
Ozan_KO_Validation2_for_Resubmission2_Quiescent-Day3-Group_001-B1 Well_013.fcs,17971,997,Ozan_KO_Validation2_for_Resubmission2_Quiescent-Day3-Group_001-B1 Well_013.fcs,STP4,Rich,Untreated,1,STP,0.9474377899620413
Ozan_KO_Validation2_for_Resubmission2_Quiescent-Day3-Group_001-B2 Well_014.fcs,17428,1275,Ozan_KO_Validation2_for_Resubmission2_Quiescent-Day3-Group_001-B2 Well_014.fcs,STP4,Rich,Untreated,2,STP,0.9318291183232636
Ozan_KO_Validation2_for_Resubmission2_Quiescent-Day3-Group_001-B3 Well_015.fcs,17490,1284,Ozan_KO_Validation2_for_Resubmission2_Quiescent-Day3-Group_001-B3 Well_015.fcs,STP4,Rich,Untreated,3,STP,0.9316075423457973
Ozan_KO_Validation2_for_Resubmission2_Quiescent-Day3-Group_001-B4 Well_016.fcs,16586,2579,Ozan_KO_Validation2_for_Resubmission2_Quiescent-Day3-Group_001-B4 Well_016.fcs,WT,Rich,0.001,1,WT,0.8654317766762327
Ozan_KO_Validation2_for_Resubmission2_Quiescent-Day3-Group_001-B5 Well_017.fcs,16681,2448,Ozan_KO_Validation2_for_Resubmission2_Quiescent-Day3-Group_001-B5 Well_017.fcs,WT,Rich,0.001,2,WT,0.8720267656437869
Ozan_KO_Validation2_for_Resubmission2_Quiescent-Day3-Group_001-B6 Well_018.fcs,16613,2569,Ozan_KO_Validation2_for_Resubmission2_Quiescent-Day3-Group_001-B6 Well_018.fcs,WT,Rich,0.001,3,WT,0.8660723595037014
Ozan_KO_Validation2_for_Resubmission2_Quiescent-Day3-Group_001-B7 Well_019.fcs,17969,977,Ozan_KO_Validation2_for_Resubmission2_Quiescent-Day3-Group_001-B7 Well_019.fcs,BG,Rich,0.001,1,BG,0.94843238678349
Ozan_KO_Validation2_for_Resubmission2_Quiescent-Day3-Group_001-B8 Well_020.fcs,18288,794,Ozan_KO_Validation2_for_Resubmission2_Quiescent-Day3-Group_001-B8 Well_020.fcs,BG,Rich,0.001,2,BG,0.9583901058589246
Ozan_KO_Validation2_for_Resubmission2_Quiescent-Day3-Group_001-B9 Well_021.fcs,18203,817,Ozan_KO_Validation2_for_Resubmission2_Quiescent-Day3-Group_001-B9 Well_021.fcs,BG,Rich,0.001,3,BG,0.9570452155625657
Ozan_KO_Validation2_for_Resubmission2_Quiescent-Day3-Group_001-B10 Well_022.fcs,15346,3473,Ozan_KO_Validation2_for_Resubmission2_Quiescent-Day3-Group_001-B10 Well_022.fcs,NRG1,Rich,0.001,1,NRG,0.8154524682501727
Ozan_KO_Validation2_for_Resubmission2_Quiescent-Day3-Group_001-B11 Well_023.fcs,14008,3550,Ozan_KO_Validation2_for_Resubmission2_Quiescent-Day3-Group_001-B11 Well_023.fcs,NRG1,Rich,0.001,2,NRG,0.7978129627520218
Ozan_KO_Validation2_for_Resubmission2_Quiescent-Day3-Group_001-B12 Well_024.fcs,8129,2366,Ozan_KO_Validation2_for_Resubmission2_Quiescent-Day3-Group_001-B12 Well_024.fcs,NRG1,Rich,0.001,3,NRG,0.7745593139590281
Ozan_KO_Validation2_for_Resubmission2_Quiescent-Day3-Group_001-C1 Well_025.fcs,18413,624,Ozan_KO_Validation2_for_Resubmission2_Quiescent-Day3-Group_001-C1 Well_025.fcs,NDT80,Rich,0.001,1,NDT,0.9672217261123076
Ozan_KO_Validation2_for_Resubmission2_Quiescent-Day3-Group_001-C2 Well_026.fcs,18529,592,Ozan_KO_Validation2_for_Resubmission2_Quiescent-Day3-Group_001-C2 Well_026.fcs,NDT80,Rich,0.001,2,NDT,0.9690392761884838
Ozan_KO_Validation2_for_Resubmission2_Quiescent-Day3-Group_001-C3 Well_027.fcs,18359,646,Ozan_KO_Validation2_for_Resubmission2_Quiescent-Day3-Group_001-C3 Well_027.fcs,NDT80,Rich,0.001,3,NDT,0.9660089450144699
Ozan_KO_Validation2_for_Resubmission2_Quiescent-Day3-Group_001-C4 Well_028.fcs,18563,633,Ozan_KO_Validation2_for_Resubmission2_Quiescent-Day3-Group_001-C4 Well_028.fcs,STP4,Rich,0.001,1,STP,0.9670243800791831
Ozan_KO_Validation2_for_Resubmission2_Quiescent-Day3-Group_001-C5 Well_029.fcs,18997,437,Ozan_KO_Validation2_for_Resubmission2_Quiescent-Day3-Group_001-C5 Well_029.fcs,STP4,Rich,0.001,2,STP,0.9775136358958526
Ozan_KO_Validation2_for_Resubmission2_Quiescent-Day3-Group_001-C6 Well_030.fcs,18750,570,Ozan_KO_Validation2_for_Resubmission2_Quiescent-Day3-Group_001-C6 Well_030.fcs,STP4,Rich,0.001,3,STP,0.9704968944099379
Ozan_KO_Validation2_for_Resubmission2_Quiescent-Day3-Group_001-C7 Well_031.fcs,17048,2275,Ozan_KO_Validation2_for_Resubmission2_Quiescent-Day3-Group_001-C7 Well_031.fcs,WT,Rich,0.01,1,WT,0.8822646586968897
Ozan_KO_Validation2_for_Resubmission2_Quiescent-Day3-Group_001-C8 Well_032.fcs,17260,2115,Ozan_KO_Validation2_for_Resubmission2_Quiescent-Day3-Group_001-C8 Well_032.fcs,WT,Rich,0.01,2,WT,0.8908387096774194
Ozan_KO_Validation2_for_Resubmission2_Quiescent-Day3-Group_001-C9 Well_033.fcs,16952,2401,Ozan_KO_Validation2_for_Resubmission2_Quiescent-Day3-Group_001-C9 Well_033.fcs,WT,Rich,0.01,3,WT,0.8759365473053273
Ozan_KO_Validation2_for_Resubmission2_Quiescent-Day3-Group_001-C10 Well_034.fcs,18896,567,Ozan_KO_Validation2_for_Resubmission2_Quiescent-Day3-Group_001-C10 Well_034.fcs,BG,Rich,0.01,1,BG,0.970867800441864
Ozan_KO_Validation2_for_Resubmission2_Quiescent-Day3-Group_001-C11 Well_035.fcs,19050,560,Ozan_KO_Validation2_for_Resubmission2_Quiescent-Day3-Group_001-C11 Well_035.fcs,BG,Rich,0.01,2,BG,0.971443141254462
Ozan_KO_Validation2_for_Resubmission2_Quiescent-Day3-Group_001-C12 Well_036.fcs,19082,519,Ozan_KO_Validation2_for_Resubmission2_Quiescent-Day3-Group_001-C12 Well_036.fcs,BG,Rich,0.01,3,BG,0.9735217590939238
Ozan_KO_Validation2_for_Resubmission2_Quiescent-Day3-Group_001-D1 Well_037.fcs,13083,4866,Ozan_KO_Validation2_for_Resubmission2_Quiescent-Day3-Group_001-D1 Well_037.fcs,NRG1,Rich,0.01,1,NRG,0.7288985458799934
Ozan_KO_Validation2_for_Resubmission2_Quiescent-Day3-Group_001-D2 Well_038.fcs,13025,5229,Ozan_KO_Validation2_for_Resubmission2_Quiescent-Day3-Group_001-D2 Well_038.fcs,NRG1,Rich,0.01,2,NRG,0.7135422373178482
Ozan_KO_Validation2_for_Resubmission2_Quiescent-Day3-Group_001-D3 Well_039.fcs,11090,5522,Ozan_KO_Validation2_for_Resubmission2_Quiescent-Day3-Group_001-D3 Well_039.fcs,NRG1,Rich,0.01,3,NRG,0.667589694196966
Ozan_KO_Validation2_for_Resubmission2_Quiescent-Day3-Group_001-D4 Well_040.fcs,18905,406,Ozan_KO_Validation2_for_Resubmission2_Quiescent-Day3-Group_001-D4 Well_040.fcs,NDT80,Rich,0.01,1,NDT,0.9789757133240122
Ozan_KO_Validation2_for_Resubmission2_Quiescent-Day3-Group_001-D5 Well_041.fcs,19068,344,Ozan_KO_Validation2_for_Resubmission2_Quiescent-Day3-Group_001-D5 Well_041.fcs,NDT80,Rich,0.01,2,NDT,0.9822790026787555
Ozan_KO_Validation2_for_Resubmission2_Quiescent-Day3-Group_001-D6 Well_042.fcs,19193,286,Ozan_KO_Validation2_for_Resubmission2_Quiescent-Day3-Group_001-D6 Well_042.fcs,NDT80,Rich,0.01,3,NDT,0.9853175214333385
Ozan_KO_Validation2_for_Resubmission2_Quiescent-Day3-Group_001-D7 Well_043.fcs,19366,281,Ozan_KO_Validation2_for_Resubmission2_Quiescent-Day3-Group_001-D7 Well_043.fcs,STP4,Rich,0.01,1,STP,0.9856975619687484
Ozan_KO_Validation2_for_Resubmission2_Quiescent-Day3-Group_001-D8 Well_044.fcs,19392,276,Ozan_KO_Validation2_for_Resubmission2_Quiescent-Day3-Group_001-D8 Well_044.fcs,STP4,Rich,0.01,2,STP,0.9859670530811471
Ozan_KO_Validation2_for_Resubmission2_Quiescent-Day3-Group_001-D9 Well_045.fcs,19402,280,Ozan_KO_Validation2_for_Resubmission2_Quiescent-Day3-Group_001-D9 Well_045.fcs,STP4,Rich,0.01,3,STP,0.9857738034752566
Ozan_KO_Validation2_for_Resubmission2_Quiescent-Day3-Group_001-D10 Well_046.fcs,16832,2483,Ozan_KO_Validation2_for_Resubmission2_Quiescent-Day3-Group_001-D10 Well_046.fcs,WT,Rich,0.1,1,WT,0.8714470618690138
Ozan_KO_Validation2_for_Resubmission2_Quiescent-Day3-Group_001-D11 Well_047.fcs,16788,2604,Ozan_KO_Validation2_for_Resubmission2_Quiescent-Day3-Group_001-D11 Well_047.fcs,WT,Rich,0.1,2,WT,0.8657178217821783
Ozan_KO_Validation2_for_Resubmission2_Quiescent-Day3-Group_001-D12 Well_048.fcs,16691,2670,Ozan_KO_Validation2_for_Resubmission2_Quiescent-Day3-Group_001-D12 Well_048.fcs,WT,Rich,0.1,3,WT,0.8620939001084654
Ozan_KO_Validation2_for_Resubmission2_Quiescent-Day3-Group_001-E1 Well_049.fcs,19251,519,Ozan_KO_Validation2_for_Resubmission2_Quiescent-Day3-Group_001-E1 Well_049.fcs,BG,Rich,0.1,1,BG,0.9737481031866464
Ozan_KO_Validation2_for_Resubmission2_Quiescent-Day3-Group_001-E2 Well_050.fcs,19191,514,Ozan_KO_Validation2_for_Resubmission2_Quiescent-Day3-Group_001-E2 Well_050.fcs,BG,Rich,0.1,2,BG,0.9739152499365643
Ozan_KO_Validation2_for_Resubmission2_Quiescent-Day3-Group_001-E3 Well_051.fcs,19267,462,Ozan_KO_Validation2_for_Resubmission2_Quiescent-Day3-Group_001-E3 Well_051.fcs,BG,Rich,0.1,3,BG,0.9765826955243551
Ozan_KO_Validation2_for_Resubmission2_Quiescent-Day3-Group_001-E4 Well_052.fcs,13615,5724,Ozan_KO_Validation2_for_Resubmission2_Quiescent-Day3-Group_001-E4 Well_052.fcs,NRG1,Rich,0.1,1,NRG,0.7040177878897564
Ozan_KO_Validation2_for_Resubmission2_Quiescent-Day3-Group_001-E5 Well_053.fcs,11013,6714,Ozan_KO_Validation2_for_Resubmission2_Quiescent-Day3-Group_001-E5 Well_053.fcs,NRG1,Rich,0.1,2,NRG,0.6212557116263328
Ozan_KO_Validation2_for_Resubmission2_Quiescent-Day3-Group_001-E6 Well_054.fcs,8394,5733,Ozan_KO_Validation2_for_Resubmission2_Quiescent-Day3-Group_001-E6 Well_054.fcs,NRG1,Rich,0.1,3,NRG,0.5941813548524103
Ozan_KO_Validation2_for_Resubmission2_Quiescent-Day3-Group_001-E7 Well_055.fcs,19375,317,Ozan_KO_Validation2_for_Resubmission2_Quiescent-Day3-Group_001-E7 Well_055.fcs,NDT80,Rich,0.1,1,NDT,0.983902092220191
Ozan_KO_Validation2_for_Resubmission2_Quiescent-Day3-Group_001-E8 Well_056.fcs,19371,312,Ozan_KO_Validation2_for_Resubmission2_Quiescent-Day3-Group_001-E8 Well_056.fcs,NDT80,Rich,0.1,2,NDT,0.9841487578113093
Ozan_KO_Validation2_for_Resubmission2_Quiescent-Day3-Group_001-E9 Well_057.fcs,19432,338,Ozan_KO_Validation2_for_Resubmission2_Quiescent-Day3-Group_001-E9 Well_057.fcs,NDT80,Rich,0.1,3,NDT,0.9829033889731917
Ozan_KO_Validation2_for_Resubmission2_Quiescent-Day3-Group_001-E10 Well_058.fcs,19582,283,Ozan_KO_Validation2_for_Resubmission2_Quiescent-Day3-Group_001-E10 Well_058.fcs,STP4,Rich,0.1,1,STP,0.9857538384092626
Ozan_KO_Validation2_for_Resubmission2_Quiescent-Day3-Group_001-E11 Well_059.fcs,19548,292,Ozan_KO_Validation2_for_Resubmission2_Quiescent-Day3-Group_001-E11 Well_059.fcs,STP4,Rich,0.1,2,STP,0.9852822580645161
Ozan_KO_Validation2_for_Resubmission2_Quiescent-Day3-Group_001-E12 Well_060.fcs,19640,202,Ozan_KO_Validation2_for_Resubmission2_Quiescent-Day3-Group_001-E12 Well_060.fcs,STP4,Rich,0.1,3,STP,0.9898195746396533
Ozan_KO_Validation2_for_Resubmission2_Quiescent-Day3-Group_001-F1 Well_061.fcs,16603,2806,Ozan_KO_Validation2_for_Resubmission2_Quiescent-Day3-Group_001-F1 Well_061.fcs,WT,Rich,1,1,WT,0.8554278942758514
Ozan_KO_Validation2_for_Resubmission2_Quiescent-Day3-Group_001-F2 Well_062.fcs,16653,2745,Ozan_KO_Validation2_for_Resubmission2_Quiescent-Day3-Group_001-F2 Well_062.fcs,WT,Rich,1,2,WT,0.8584905660377359
Ozan_KO_Validation2_for_Resubmission2_Quiescent-Day3-Group_001-F3 Well_063.fcs,16636,2796,Ozan_KO_Validation2_for_Resubmission2_Quiescent-Day3-Group_001-F3 Well_063.fcs,WT,Rich,1,3,WT,0.8561136270069988
Ozan_KO_Validation2_for_Resubmission2_Quiescent-Day3-Group_001-F4 Well_064.fcs,19040,675,Ozan_KO_Validation2_for_Resubmission2_Quiescent-Day3-Group_001-F4 Well_064.fcs,BG,Rich,1,1,BG,0.9657621100684758
Ozan_KO_Validation2_for_Resubmission2_Quiescent-Day3-Group_001-F5 Well_065.fcs,19061,674,Ozan_KO_Validation2_for_Resubmission2_Quiescent-Day3-Group_001-F5 Well_065.fcs,BG,Rich,1,2,BG,0.9658474790980491
Ozan_KO_Validation2_for_Resubmission2_Quiescent-Day3-Group_001-F6 Well_066.fcs,19018,721,Ozan_KO_Validation2_for_Resubmission2_Quiescent-Day3-Group_001-F6 Well_066.fcs,BG,Rich,1,3,BG,0.9634733269162572
Ozan_KO_Validation2_for_Resubmission2_Quiescent-Day3-Group_001-F7 Well_067.fcs,12680,5543,Ozan_KO_Validation2_for_Resubmission2_Quiescent-Day3-Group_001-F7 Well_067.fcs,NRG1,Rich,1,1,NRG,0.6958239587334687
Ozan_KO_Validation2_for_Resubmission2_Quiescent-Day3-Group_001-F8 Well_068.fcs,10328,6923,Ozan_KO_Validation2_for_Resubmission2_Quiescent-Day3-Group_001-F8 Well_068.fcs,NRG1,Rich,1,2,NRG,0.5986899310184917
Ozan_KO_Validation2_for_Resubmission2_Quiescent-Day3-Group_001-F9 Well_069.fcs,13757,4871,Ozan_KO_Validation2_for_Resubmission2_Quiescent-Day3-Group_001-F9 Well_069.fcs,NRG1,Rich,1,3,NRG,0.7385119175434829
Ozan_KO_Validation2_for_Resubmission2_Quiescent-Day3-Group_001-F10 Well_070.fcs,19405,320,Ozan_KO_Validation2_for_Resubmission2_Quiescent-Day3-Group_001-F10 Well_070.fcs,NDT80,Rich,1,1,NDT,0.9837769328263625
Ozan_KO_Validation2_for_Resubmission2_Quiescent-Day3-Group_001-F11 Well_071.fcs,19414,314,Ozan_KO_Validation2_for_Resubmission2_Quiescent-Day3-Group_001-F11 Well_071.fcs,NDT80,Rich,1,2,NDT,0.9840835360908353
Ozan_KO_Validation2_for_Resubmission2_Quiescent-Day3-Group_001-F12 Well_072.fcs,19484,267,Ozan_KO_Validation2_for_Resubmission2_Quiescent-Day3-Group_001-F12 Well_072.fcs,NDT80,Rich,1,3,NDT,0.9864816971292593
Ozan_KO_Validation2_for_Resubmission2_Quiescent-Day3-Group_001-G1 Well_073.fcs,19479,316,Ozan_KO_Validation2_for_Resubmission2_Quiescent-Day3-Group_001-G1 Well_073.fcs,STP4,Rich,1,1,STP,0.9840363728214195
Ozan_KO_Validation2_for_Resubmission2_Quiescent-Day3-Group_001-G2 Well_074.fcs,19475,318,Ozan_KO_Validation2_for_Resubmission2_Quiescent-Day3-Group_001-G2 Well_074.fcs,STP4,Rich,1,2,STP,0.9839337139392714
Ozan_KO_Validation2_for_Resubmission2_Quiescent-Day3-Group_001-G3 Well_075.fcs,19369,423,Ozan_KO_Validation2_for_Resubmission2_Quiescent-Day3-Group_001-G3 Well_075.fcs,STP4,Rich,1,3,STP,0.978627728375101
Ozan_KO_Validation2_for_Resubmission2_Quiescent-Day3-Group_001-G4 Well_076.fcs,16418,2943,Ozan_KO_Validation2_for_Resubmission2_Quiescent-Day3-Group_001-G4 Well_076.fcs,WT,Rich,10,1,WT,0.8479933887712412
Ozan_KO_Validation2_for_Resubmission2_Quiescent-Day3-Group_001-G5 Well_077.fcs,16097,3208,Ozan_KO_Validation2_for_Resubmission2_Quiescent-Day3-Group_001-G5 Well_077.fcs,WT,Rich,10,2,WT,0.8338254338254338
Ozan_KO_Validation2_for_Resubmission2_Quiescent-Day3-Group_001-G6 Well_078.fcs,15832,3435,Ozan_KO_Validation2_for_Resubmission2_Quiescent-Day3-Group_001-G6 Well_078.fcs,WT,Rich,10,3,WT,0.8217158872683864
Ozan_KO_Validation2_for_Resubmission2_Quiescent-Day3-Group_001-G7 Well_079.fcs,18878,808,Ozan_KO_Validation2_for_Resubmission2_Quiescent-Day3-Group_001-G7 Well_079.fcs,BG,Rich,10,1,BG,0.9589556029665752
Ozan_KO_Validation2_for_Resubmission2_Quiescent-Day3-Group_001-G8 Well_080.fcs,18928,819,Ozan_KO_Validation2_for_Resubmission2_Quiescent-Day3-Group_001-G8 Well_080.fcs,BG,Rich,10,2,BG,0.9585253456221198
Ozan_KO_Validation2_for_Resubmission2_Quiescent-Day3-Group_001-G9 Well_081.fcs,18906,817,Ozan_KO_Validation2_for_Resubmission2_Quiescent-Day3-Group_001-G9 Well_081.fcs,BG,Rich,10,3,BG,0.9585762814987578
Ozan_KO_Validation2_for_Resubmission2_Quiescent-Day3-Group_001-G10 Well_082.fcs,12560,5776,Ozan_KO_Validation2_for_Resubmission2_Quiescent-Day3-Group_001-G10 Well_082.fcs,NRG1,Rich,10,1,NRG,0.6849912739965096
Ozan_KO_Validation2_for_Resubmission2_Quiescent-Day3-Group_001-G11 Well_083.fcs,12561,5942,Ozan_KO_Validation2_for_Resubmission2_Quiescent-Day3-Group_001-G11 Well_083.fcs,NRG1,Rich,10,2,NRG,0.6788628870993892
Ozan_KO_Validation2_for_Resubmission2_Quiescent-Day3-Group_001-G12 Well_084.fcs,12890,5236,Ozan_KO_Validation2_for_Resubmission2_Quiescent-Day3-Group_001-G12 Well_084.fcs,NRG1,Rich,10,3,NRG,0.7111331788590974
Ozan_KO_Validation2_for_Resubmission2_Quiescent-Day3-Group_001-H1 Well_085.fcs,19314,372,Ozan_KO_Validation2_for_Resubmission2_Quiescent-Day3-Group_001-H1 Well_085.fcs,NDT80,Rich,10,1,NDT,0.9811033221578787
Ozan_KO_Validation2_for_Resubmission2_Quiescent-Day3-Group_001-H2 Well_086.fcs,19287,417,Ozan_KO_Validation2_for_Resubmission2_Quiescent-Day3-Group_001-H2 Well_086.fcs,NDT80,Rich,10,2,NDT,0.978836784409257
Ozan_KO_Validation2_for_Resubmission2_Quiescent-Day3-Group_001-H3 Well_087.fcs,19324,372,Ozan_KO_Validation2_for_Resubmission2_Quiescent-Day3-Group_001-H3 Well_087.fcs,NDT80,Rich,10,3,NDT,0.9811129163281884
Ozan_KO_Validation2_for_Resubmission2_Quiescent-Day3-Group_001-H4 Well_088.fcs,19445,344,Ozan_KO_Validation2_for_Resubmission2_Quiescent-Day3-Group_001-H4 Well_088.fcs,STP4,Rich,10,1,STP,0.9826166051846986
Ozan_KO_Validation2_for_Resubmission2_Quiescent-Day3-Group_001-H5 Well_089.fcs,19382,362,Ozan_KO_Validation2_for_Resubmission2_Quiescent-Day3-Group_001-H5 Well_089.fcs,STP4,Rich,10,2,STP,0.9816653160453809
Ozan_KO_Validation2_for_Resubmission2_Quiescent-Day3-Group_001-H6 Well_090.fcs,19371,417,Ozan_KO_Validation2_for_Resubmission2_Quiescent-Day3-Group_001-H6 Well_090.fcs,STP4,Rich,10,3,STP,0.9789266221952698
