name,knockout,media,dose,repeat.,repeat..1,repeat..2,repeat..3,repeat..4,repeat..5,repeat..6,repeat..7,repeat..8,repeat
Ozan_KO_Validation2_for_Resubmission2_Quiescent-Day3-Group_001-A1 Well_001.fcs,WT,Rich,Untreated,1,1,1,1,1,1,1,1,1,1
Ozan_KO_Validation2_for_Resubmission2_Quiescent-Day3-Group_001-A2 Well_002.fcs,WT,Rich,Untreated,2,2,2,2,2,2,2,2,2,2
Ozan_KO_Validation2_for_Resubmission2_Quiescent-Day3-Group_001-A3 Well_003.fcs,WT,Rich,Untreated,3,3,3,3,3,3,3,3,3,3
Ozan_KO_Validation2_for_Resubmission2_Quiescent-Day3-Group_001-A4 Well_004.fcs,BG,Rich,Untreated,1,1,1,1,1,1,1,1,1,1
Ozan_KO_Validation2_for_Resubmission2_Quiescent-Day3-Group_001-A5 Well_005.fcs,BG,Rich,Untreated,2,2,2,2,2,2,2,2,2,2
Ozan_KO_Validation2_for_Resubmission2_Quiescent-Day3-Group_001-A6 Well_006.fcs,BG,Rich,Untreated,3,3,3,3,3,3,3,3,3,3
Ozan_KO_Validation2_for_Resubmission2_Quiescent-Day3-Group_001-A7 Well_007.fcs,NRG1,Rich,Untreated,1,1,1,1,1,1,1,1,1,1
Ozan_KO_Validation2_for_Resubmission2_Quiescent-Day3-Group_001-A8 Well_008.fcs,NRG1,Rich,Untreated,2,2,2,2,2,2,2,2,2,2
Ozan_KO_Validation2_for_Resubmission2_Quiescent-Day3-Group_001-A9 Well_009.fcs,NRG1,Rich,Untreated,3,3,3,3,3,3,3,3,3,3
Ozan_KO_Validation2_for_Resubmission2_Quiescent-Day3-Group_001-A10 Well_010.fcs,NDT80,Rich,Untreated,1,1,1,1,1,1,1,1,1,1
Ozan_KO_Validation2_for_Resubmission2_Quiescent-Day3-Group_001-A11 Well_011.fcs,NDT80,Rich,Untreated,2,2,2,2,2,2,2,2,2,2
Ozan_KO_Validation2_for_Resubmission2_Quiescent-Day3-Group_001-A12 Well_012.fcs,NDT80,Rich,Untreated,3,3,3,3,3,3,3,3,3,3
Ozan_KO_Validation2_for_Resubmission2_Quiescent-Day3-Group_001-B1 Well_013.fcs,STP4,Rich,Untreated,1,1,1,1,1,1,1,1,1,1
Ozan_KO_Validation2_for_Resubmission2_Quiescent-Day3-Group_001-B2 Well_014.fcs,STP4,Rich,Untreated,2,2,2,2,2,2,2,2,2,2
Ozan_KO_Validation2_for_Resubmission2_Quiescent-Day3-Group_001-B3 Well_015.fcs,STP4,Rich,Untreated,3,3,3,3,3,3,3,3,3,3
Ozan_KO_Validation2_for_Resubmission2_Quiescent-Day3-Group_001-B4 Well_016.fcs,WT,Rich,0.001,1,1,1,1,1,1,1,1,1,1
Ozan_KO_Validation2_for_Resubmission2_Quiescent-Day3-Group_001-B5 Well_017.fcs,WT,Rich,0.001,2,2,2,2,2,2,2,2,2,2
Ozan_KO_Validation2_for_Resubmission2_Quiescent-Day3-Group_001-B6 Well_018.fcs,WT,Rich,0.001,3,3,3,3,3,3,3,3,3,3
Ozan_KO_Validation2_for_Resubmission2_Quiescent-Day3-Group_001-B7 Well_019.fcs,BG,Rich,0.001,1,1,1,1,1,1,1,1,1,1
Ozan_KO_Validation2_for_Resubmission2_Quiescent-Day3-Group_001-B8 Well_020.fcs,BG,Rich,0.001,2,2,2,2,2,2,2,2,2,2
Ozan_KO_Validation2_for_Resubmission2_Quiescent-Day3-Group_001-B9 Well_021.fcs,BG,Rich,0.001,3,3,3,3,3,3,3,3,3,3
Ozan_KO_Validation2_for_Resubmission2_Quiescent-Day3-Group_001-B10 Well_022.fcs,NRG1,Rich,0.001,1,1,1,1,1,1,1,1,1,1
Ozan_KO_Validation2_for_Resubmission2_Quiescent-Day3-Group_001-B11 Well_023.fcs,NRG1,Rich,0.001,2,2,2,2,2,2,2,2,2,2
Ozan_KO_Validation2_for_Resubmission2_Quiescent-Day3-Group_001-B12 Well_024.fcs,NRG1,Rich,0.001,3,3,3,3,3,3,3,3,3,3
Ozan_KO_Validation2_for_Resubmission2_Quiescent-Day3-Group_001-C1 Well_025.fcs,NDT80,Rich,0.001,1,1,1,1,1,1,1,1,1,1
Ozan_KO_Validation2_for_Resubmission2_Quiescent-Day3-Group_001-C2 Well_026.fcs,NDT80,Rich,0.001,2,2,2,2,2,2,2,2,2,2
Ozan_KO_Validation2_for_Resubmission2_Quiescent-Day3-Group_001-C3 Well_027.fcs,NDT80,Rich,0.001,3,3,3,3,3,3,3,3,3,3
Ozan_KO_Validation2_for_Resubmission2_Quiescent-Day3-Group_001-C4 Well_028.fcs,STP4,Rich,0.001,1,1,1,1,1,1,1,1,1,1
Ozan_KO_Validation2_for_Resubmission2_Quiescent-Day3-Group_001-C5 Well_029.fcs,STP4,Rich,0.001,2,2,2,2,2,2,2,2,2,2
Ozan_KO_Validation2_for_Resubmission2_Quiescent-Day3-Group_001-C6 Well_030.fcs,STP4,Rich,0.001,3,3,3,3,3,3,3,3,3,3
Ozan_KO_Validation2_for_Resubmission2_Quiescent-Day3-Group_001-C7 Well_031.fcs,WT,Rich,0.01,1,1,1,1,1,1,1,1,1,1
Ozan_KO_Validation2_for_Resubmission2_Quiescent-Day3-Group_001-C8 Well_032.fcs,WT,Rich,0.01,2,2,2,2,2,2,2,2,2,2
Ozan_KO_Validation2_for_Resubmission2_Quiescent-Day3-Group_001-C9 Well_033.fcs,WT,Rich,0.01,3,3,3,3,3,3,3,3,3,3
Ozan_KO_Validation2_for_Resubmission2_Quiescent-Day3-Group_001-C10 Well_034.fcs,BG,Rich,0.01,1,1,1,1,1,1,1,1,1,1
Ozan_KO_Validation2_for_Resubmission2_Quiescent-Day3-Group_001-C11 Well_035.fcs,BG,Rich,0.01,2,2,2,2,2,2,2,2,2,2
Ozan_KO_Validation2_for_Resubmission2_Quiescent-Day3-Group_001-C12 Well_036.fcs,BG,Rich,0.01,3,3,3,3,3,3,3,3,3,3
Ozan_KO_Validation2_for_Resubmission2_Quiescent-Day3-Group_001-D1 Well_037.fcs,NRG1,Rich,0.01,1,1,1,1,1,1,1,1,1,1
Ozan_KO_Validation2_for_Resubmission2_Quiescent-Day3-Group_001-D2 Well_038.fcs,NRG1,Rich,0.01,2,2,2,2,2,2,2,2,2,2
Ozan_KO_Validation2_for_Resubmission2_Quiescent-Day3-Group_001-D3 Well_039.fcs,NRG1,Rich,0.01,3,3,3,3,3,3,3,3,3,3
Ozan_KO_Validation2_for_Resubmission2_Quiescent-Day3-Group_001-D4 Well_040.fcs,NDT80,Rich,0.01,1,1,1,1,1,1,1,1,1,1
Ozan_KO_Validation2_for_Resubmission2_Quiescent-Day3-Group_001-D5 Well_041.fcs,NDT80,Rich,0.01,2,2,2,2,2,2,2,2,2,2
Ozan_KO_Validation2_for_Resubmission2_Quiescent-Day3-Group_001-D6 Well_042.fcs,NDT80,Rich,0.01,3,3,3,3,3,3,3,3,3,3
Ozan_KO_Validation2_for_Resubmission2_Quiescent-Day3-Group_001-D7 Well_043.fcs,STP4,Rich,0.01,1,1,1,1,1,1,1,1,1,1
Ozan_KO_Validation2_for_Resubmission2_Quiescent-Day3-Group_001-D8 Well_044.fcs,STP4,Rich,0.01,2,2,2,2,2,2,2,2,2,2
Ozan_KO_Validation2_for_Resubmission2_Quiescent-Day3-Group_001-D9 Well_045.fcs,STP4,Rich,0.01,3,3,3,3,3,3,3,3,3,3
Ozan_KO_Validation2_for_Resubmission2_Quiescent-Day3-Group_001-D10 Well_046.fcs,WT,Rich,0.1,1,1,1,1,1,1,1,1,1,1
Ozan_KO_Validation2_for_Resubmission2_Quiescent-Day3-Group_001-D11 Well_047.fcs,WT,Rich,0.1,2,2,2,2,2,2,2,2,2,2
Ozan_KO_Validation2_for_Resubmission2_Quiescent-Day3-Group_001-D12 Well_048.fcs,WT,Rich,0.1,3,3,3,3,3,3,3,3,3,3
Ozan_KO_Validation2_for_Resubmission2_Quiescent-Day3-Group_001-E1 Well_049.fcs,BG,Rich,0.1,1,1,1,1,1,1,1,1,1,1
Ozan_KO_Validation2_for_Resubmission2_Quiescent-Day3-Group_001-E2 Well_050.fcs,BG,Rich,0.1,2,2,2,2,2,2,2,2,2,2
Ozan_KO_Validation2_for_Resubmission2_Quiescent-Day3-Group_001-E3 Well_051.fcs,BG,Rich,0.1,3,3,3,3,3,3,3,3,3,3
Ozan_KO_Validation2_for_Resubmission2_Quiescent-Day3-Group_001-E4 Well_052.fcs,NRG1,Rich,0.1,1,1,1,1,1,1,1,1,1,1
Ozan_KO_Validation2_for_Resubmission2_Quiescent-Day3-Group_001-E5 Well_053.fcs,NRG1,Rich,0.1,2,2,2,2,2,2,2,2,2,2
Ozan_KO_Validation2_for_Resubmission2_Quiescent-Day3-Group_001-E6 Well_054.fcs,NRG1,Rich,0.1,3,3,3,3,3,3,3,3,3,3
Ozan_KO_Validation2_for_Resubmission2_Quiescent-Day3-Group_001-E7 Well_055.fcs,NDT80,Rich,0.1,1,1,1,1,1,1,1,1,1,1
Ozan_KO_Validation2_for_Resubmission2_Quiescent-Day3-Group_001-E8 Well_056.fcs,NDT80,Rich,0.1,2,2,2,2,2,2,2,2,2,2
Ozan_KO_Validation2_for_Resubmission2_Quiescent-Day3-Group_001-E9 Well_057.fcs,NDT80,Rich,0.1,3,3,3,3,3,3,3,3,3,3
Ozan_KO_Validation2_for_Resubmission2_Quiescent-Day3-Group_001-E10 Well_058.fcs,STP4,Rich,0.1,1,1,1,1,1,1,1,1,1,1
Ozan_KO_Validation2_for_Resubmission2_Quiescent-Day3-Group_001-E11 Well_059.fcs,STP4,Rich,0.1,2,2,2,2,2,2,2,2,2,2
Ozan_KO_Validation2_for_Resubmission2_Quiescent-Day3-Group_001-E12 Well_060.fcs,STP4,Rich,0.1,3,3,3,3,3,3,3,3,3,3
Ozan_KO_Validation2_for_Resubmission2_Quiescent-Day3-Group_001-F1 Well_061.fcs,WT,Rich,1,1,1,1,1,1,1,1,1,1,1
Ozan_KO_Validation2_for_Resubmission2_Quiescent-Day3-Group_001-F2 Well_062.fcs,WT,Rich,1,2,2,2,2,2,2,2,2,2,2
Ozan_KO_Validation2_for_Resubmission2_Quiescent-Day3-Group_001-F3 Well_063.fcs,WT,Rich,1,3,3,3,3,3,3,3,3,3,3
Ozan_KO_Validation2_for_Resubmission2_Quiescent-Day3-Group_001-F4 Well_064.fcs,BG,Rich,1,1,1,1,1,1,1,1,1,1,1
Ozan_KO_Validation2_for_Resubmission2_Quiescent-Day3-Group_001-F5 Well_065.fcs,BG,Rich,1,2,2,2,2,2,2,2,2,2,2
Ozan_KO_Validation2_for_Resubmission2_Quiescent-Day3-Group_001-F6 Well_066.fcs,BG,Rich,1,3,3,3,3,3,3,3,3,3,3
Ozan_KO_Validation2_for_Resubmission2_Quiescent-Day3-Group_001-F7 Well_067.fcs,NRG1,Rich,1,1,1,1,1,1,1,1,1,1,1
Ozan_KO_Validation2_for_Resubmission2_Quiescent-Day3-Group_001-F8 Well_068.fcs,NRG1,Rich,1,2,2,2,2,2,2,2,2,2,2
Ozan_KO_Validation2_for_Resubmission2_Quiescent-Day3-Group_001-F9 Well_069.fcs,NRG1,Rich,1,3,3,3,3,3,3,3,3,3,3
Ozan_KO_Validation2_for_Resubmission2_Quiescent-Day3-Group_001-F10 Well_070.fcs,NDT80,Rich,1,1,1,1,1,1,1,1,1,1,1
Ozan_KO_Validation2_for_Resubmission2_Quiescent-Day3-Group_001-F11 Well_071.fcs,NDT80,Rich,1,2,2,2,2,2,2,2,2,2,2
Ozan_KO_Validation2_for_Resubmission2_Quiescent-Day3-Group_001-F12 Well_072.fcs,NDT80,Rich,1,3,3,3,3,3,3,3,3,3,3
Ozan_KO_Validation2_for_Resubmission2_Quiescent-Day3-Group_001-G1 Well_073.fcs,STP4,Rich,1,1,1,1,1,1,1,1,1,1,1
Ozan_KO_Validation2_for_Resubmission2_Quiescent-Day3-Group_001-G2 Well_074.fcs,STP4,Rich,1,2,2,2,2,2,2,2,2,2,2
Ozan_KO_Validation2_for_Resubmission2_Quiescent-Day3-Group_001-G3 Well_075.fcs,STP4,Rich,1,3,3,3,3,3,3,3,3,3,3
Ozan_KO_Validation2_for_Resubmission2_Quiescent-Day3-Group_001-G4 Well_076.fcs,WT,Rich,10,1,1,1,1,1,1,1,1,1,1
Ozan_KO_Validation2_for_Resubmission2_Quiescent-Day3-Group_001-G5 Well_077.fcs,WT,Rich,10,2,2,2,2,2,2,2,2,2,2
Ozan_KO_Validation2_for_Resubmission2_Quiescent-Day3-Group_001-G6 Well_078.fcs,WT,Rich,10,3,3,3,3,3,3,3,3,3,3
Ozan_KO_Validation2_for_Resubmission2_Quiescent-Day3-Group_001-G7 Well_079.fcs,BG,Rich,10,1,1,1,1,1,1,1,1,1,1
Ozan_KO_Validation2_for_Resubmission2_Quiescent-Day3-Group_001-G8 Well_080.fcs,BG,Rich,10,2,2,2,2,2,2,2,2,2,2
Ozan_KO_Validation2_for_Resubmission2_Quiescent-Day3-Group_001-G9 Well_081.fcs,BG,Rich,10,3,3,3,3,3,3,3,3,3,3
Ozan_KO_Validation2_for_Resubmission2_Quiescent-Day3-Group_001-G10 Well_082.fcs,NRG1,Rich,10,1,1,1,1,1,1,1,1,1,1
Ozan_KO_Validation2_for_Resubmission2_Quiescent-Day3-Group_001-G11 Well_083.fcs,NRG1,Rich,10,2,2,2,2,2,2,2,2,2,2
Ozan_KO_Validation2_for_Resubmission2_Quiescent-Day3-Group_001-G12 Well_084.fcs,NRG1,Rich,10,3,3,3,3,3,3,3,3,3,3
Ozan_KO_Validation2_for_Resubmission2_Quiescent-Day3-Group_001-H1 Well_085.fcs,NDT80,Rich,10,1,1,1,1,1,1,1,1,1,1
Ozan_KO_Validation2_for_Resubmission2_Quiescent-Day3-Group_001-H2 Well_086.fcs,NDT80,Rich,10,2,2,2,2,2,2,2,2,2,2
Ozan_KO_Validation2_for_Resubmission2_Quiescent-Day3-Group_001-H3 Well_087.fcs,NDT80,Rich,10,3,3,3,3,3,3,3,3,3,3
Ozan_KO_Validation2_for_Resubmission2_Quiescent-Day3-Group_001-H4 Well_088.fcs,STP4,Rich,10,1,1,1,1,1,1,1,1,1,1
Ozan_KO_Validation2_for_Resubmission2_Quiescent-Day3-Group_001-H5 Well_089.fcs,STP4,Rich,10,2,2,2,2,2,2,2,2,2,2
Ozan_KO_Validation2_for_Resubmission2_Quiescent-Day3-Group_001-H6 Well_090.fcs,STP4,Rich,10,3,3,3,3,3,3,3,3,3,3
