name,strain,drug,dose,growth
Lab_Strains_Fungicidal_Drug_Screen_Control-Lab_Strains_Exponential-Strain1_5FC-B1 Blank.fcs,Strain1,5FC,0,exponential
Lab_Strains_Fungicidal_Drug_Screen_Control-Lab_Strains_Exponential-Strain1_5FC-B2 0.001ug_5FC.fcs,Strain1,5FC,0.001,exponential
Lab_Strains_Fungicidal_Drug_Screen_Control-Lab_Strains_Exponential-Strain1_5FC-B3 0.01ug_5FC.fcs,Strain1,5FC,0.01,exponential
Lab_Strains_Fungicidal_Drug_Screen_Control-Lab_Strains_Exponential-Strain1_5FC-B4 0.1ug_5FC.fcs,Strain1,5FC,0.1,exponential
Lab_Strains_Fungicidal_Drug_Screen_Control-Lab_Strains_Exponential-Strain1_5FC-B5 1ug_5FC.fcs,Strain1,5FC,1,exponential
Lab_Strains_Fungicidal_Drug_Screen_Control-Lab_Strains_Exponential-Strain1_5FC-B6 10ug_5FC.fcs,Strain1,5FC,10,exponential
Lab_Strains_Fungicidal_Drug_Screen_Control-Lab_Strains_Exponential-Strain1_AmpB-D1 Blank.fcs,Strain1,AmpB,0,exponential
Lab_Strains_Fungicidal_Drug_Screen_Control-Lab_Strains_Exponential-Strain1_AmpB-D2 0.001ug_AmpB.fcs,Strain1,AmpB,0.001,exponential
Lab_Strains_Fungicidal_Drug_Screen_Control-Lab_Strains_Exponential-Strain1_AmpB-D3 0.01ug_AmpB.fcs,Strain1,AmpB,0.01,exponential
Lab_Strains_Fungicidal_Drug_Screen_Control-Lab_Strains_Exponential-Strain1_AmpB-D4 0.1ug_AmpB.fcs,Strain1,AmpB,0.1,exponential
Lab_Strains_Fungicidal_Drug_Screen_Control-Lab_Strains_Exponential-Strain1_AmpB-D5 1ug_AmpB.fcs,Strain1,AmpB,1,exponential
Lab_Strains_Fungicidal_Drug_Screen_Control-Lab_Strains_Exponential-Strain1_AmpB-D6 10ug_AmpB.fcs,Strain1,AmpB,10,exponential
Lab_Strains_Fungicidal_Drug_Screen_Control-Lab_Strains_Exponential-Strain1_Caspofungin-H1 Blank.fcs,Strain1,Caspofungin,0,exponential
Lab_Strains_Fungicidal_Drug_Screen_Control-Lab_Strains_Exponential-Strain1_Caspofungin-H2 0.001ug_Caspofungin.fcs,Strain1,Caspofungin,0.001,exponential
Lab_Strains_Fungicidal_Drug_Screen_Control-Lab_Strains_Exponential-Strain1_Caspofungin-H3 0.01ug_Caspofungin.fcs,Strain1,Caspofungin,0.01,exponential
Lab_Strains_Fungicidal_Drug_Screen_Control-Lab_Strains_Exponential-Strain1_Caspofungin-H4 0.1ug_Caspofungin.fcs,Strain1,Caspofungin,0.1,exponential
Lab_Strains_Fungicidal_Drug_Screen_Control-Lab_Strains_Exponential-Strain1_Caspofungin-H5 1ug_Caspofungin.fcs,Strain1,Caspofungin,1,exponential
Lab_Strains_Fungicidal_Drug_Screen_Control-Lab_Strains_Exponential-Strain1_Caspofungin-H6 10ug_Caspofungin.fcs,Strain1,Caspofungin,10,exponential
Lab_Strains_Fungicidal_Drug_Screen_Control-Lab_Strains_Exponential-Strain1_Micafungin-F1 Blank.fcs,Strain1,Micafungin,0,exponential
Lab_Strains_Fungicidal_Drug_Screen_Control-Lab_Strains_Exponential-Strain1_Micafungin-F2 0.001ug_Micafungin.fcs,Strain1,Micafungin,0.001,exponential
Lab_Strains_Fungicidal_Drug_Screen_Control-Lab_Strains_Exponential-Strain1_Micafungin-F3 0.01ug_Micafungin.fcs,Strain1,Micafungin,0.01,exponential
Lab_Strains_Fungicidal_Drug_Screen_Control-Lab_Strains_Exponential-Strain1_Micafungin-F4 0.1ug_Micafungin.fcs,Strain1,Micafungin,0.1,exponential
Lab_Strains_Fungicidal_Drug_Screen_Control-Lab_Strains_Exponential-Strain1_Micafungin-F5 1ug_Micafungin.fcs,Strain1,Micafungin,1,exponential
Lab_Strains_Fungicidal_Drug_Screen_Control-Lab_Strains_Exponential-Strain1_Micafungin-F6 10ug_Micafungin.fcs,Strain1,Micafungin,10,exponential
Lab_Strains_Fungicidal_Drug_Screen_Control-Lab_Strains_Exponential-Strain2_5FC-A1 Blank.fcs,Strain2,5FC,0,exponential
Lab_Strains_Fungicidal_Drug_Screen_Control-Lab_Strains_Exponential-Strain2_5FC-A2 0.001ug_5FC.fcs,Strain2,5FC,0.001,exponential
Lab_Strains_Fungicidal_Drug_Screen_Control-Lab_Strains_Exponential-Strain2_5FC-A3 0.01ug_5FC.fcs,Strain2,5FC,0.01,exponential
Lab_Strains_Fungicidal_Drug_Screen_Control-Lab_Strains_Exponential-Strain2_5FC-A4 0.1ug_5FC.fcs,Strain2,5FC,0.1,exponential
Lab_Strains_Fungicidal_Drug_Screen_Control-Lab_Strains_Exponential-Strain2_5FC-A5 1ug_5FC.fcs,Strain2,5FC,1,exponential
Lab_Strains_Fungicidal_Drug_Screen_Control-Lab_Strains_Exponential-Strain2_5FC-A6 10ug_5FC.fcs,Strain2,5FC,10,exponential
Lab_Strains_Fungicidal_Drug_Screen_Control-Lab_Strains_Exponential-Strain2_AmpB-C1 Blank.fcs,Strain2,AmpB,0,exponential
Lab_Strains_Fungicidal_Drug_Screen_Control-Lab_Strains_Exponential-Strain2_AmpB-C2 0.001ug_AmpB.fcs,Strain2,AmpB,0.001,exponential
Lab_Strains_Fungicidal_Drug_Screen_Control-Lab_Strains_Exponential-Strain2_AmpB-C3 0.01ug_AmpB.fcs,Strain2,AmpB,0.01,exponential
Lab_Strains_Fungicidal_Drug_Screen_Control-Lab_Strains_Exponential-Strain2_AmpB-C4 0.1ug_AmpB.fcs,Strain2,AmpB,0.1,exponential
Lab_Strains_Fungicidal_Drug_Screen_Control-Lab_Strains_Exponential-Strain2_AmpB-C5 1ug_AmpB.fcs,Strain2,AmpB,1,exponential
Lab_Strains_Fungicidal_Drug_Screen_Control-Lab_Strains_Exponential-Strain2_AmpB-C6 10ug_AmpB.fcs,Strain2,AmpB,10,exponential
Lab_Strains_Fungicidal_Drug_Screen_Control-Lab_Strains_Exponential-Strain2_Caspofungin-G1 Blank.fcs,Strain2,Caspofungin,0,exponential
Lab_Strains_Fungicidal_Drug_Screen_Control-Lab_Strains_Exponential-Strain2_Caspofungin-G2 0.001ug_Caspofungin.fcs,Strain2,Caspofungin,0.001,exponential
Lab_Strains_Fungicidal_Drug_Screen_Control-Lab_Strains_Exponential-Strain2_Caspofungin-G3 0.01ug_Caspofungin.fcs,Strain2,Caspofungin,0.01,exponential
Lab_Strains_Fungicidal_Drug_Screen_Control-Lab_Strains_Exponential-Strain2_Caspofungin-G4 0.1ug_Caspofungin.fcs,Strain2,Caspofungin,0.1,exponential
Lab_Strains_Fungicidal_Drug_Screen_Control-Lab_Strains_Exponential-Strain2_Caspofungin-G5 1ug_Caspofungin.fcs,Strain2,Caspofungin,1,exponential
Lab_Strains_Fungicidal_Drug_Screen_Control-Lab_Strains_Exponential-Strain2_Caspofungin-G6 10ug_Caspofungin.fcs,Strain2,Caspofungin,10,exponential
Lab_Strains_Fungicidal_Drug_Screen_Control-Lab_Strains_Exponential-Strain2_Micafungin-E1 Blank.fcs,Strain2,Micafungin,0,exponential
Lab_Strains_Fungicidal_Drug_Screen_Control-Lab_Strains_Exponential-Strain2_Micafungin-E2 0.001ug_Micafungin.fcs,Strain2,Micafungin,0.001,exponential
Lab_Strains_Fungicidal_Drug_Screen_Control-Lab_Strains_Exponential-Strain2_Micafungin-E3 0.01ug_Micafungin.fcs,Strain2,Micafungin,0.01,exponential
Lab_Strains_Fungicidal_Drug_Screen_Control-Lab_Strains_Exponential-Strain2_Micafungin-E4 0.1ug_Micafungin.fcs,Strain2,Micafungin,0.1,exponential
Lab_Strains_Fungicidal_Drug_Screen_Control-Lab_Strains_Exponential-Strain2_Micafungin-E5 1ug_Micafungin.fcs,Strain2,Micafungin,1,exponential
Lab_Strains_Fungicidal_Drug_Screen_Control-Lab_Strains_Exponential-Strain2_Micafungin-E6 10ug_Micafungin.fcs,Strain2,Micafungin,10,exponential
Lab_Strains_Fungicidal_Drug_Screen_Control-Lab_Strains_Quiescent-Strain1_5FC-B1 Blank.fcs,Strain1,5FC,0,quiescent
Lab_Strains_Fungicidal_Drug_Screen_Control-Lab_Strains_Quiescent-Strain1_5FC-B2 0.001ug_5FC.fcs,Strain1,5FC,0.001,quiescent
Lab_Strains_Fungicidal_Drug_Screen_Control-Lab_Strains_Quiescent-Strain1_5FC-B3 0.01ug_5FC.fcs,Strain1,5FC,0.01,quiescent
Lab_Strains_Fungicidal_Drug_Screen_Control-Lab_Strains_Quiescent-Strain1_5FC-B4 0.1ug_5FC.fcs,Strain1,5FC,0.1,quiescent
Lab_Strains_Fungicidal_Drug_Screen_Control-Lab_Strains_Quiescent-Strain1_5FC-B5 1ug_5FC.fcs,Strain1,5FC,1,quiescent
Lab_Strains_Fungicidal_Drug_Screen_Control-Lab_Strains_Quiescent-Strain1_5FC-B6 10ug_5FC.fcs,Strain1,5FC,10,quiescent
Lab_Strains_Fungicidal_Drug_Screen_Control-Lab_Strains_Quiescent-Strain1_AmpB-D1 Blank.fcs,Strain1,AmpB,0,quiescent
Lab_Strains_Fungicidal_Drug_Screen_Control-Lab_Strains_Quiescent-Strain1_AmpB-D2 0.001ug_AmpB.fcs,Strain1,AmpB,0.001,quiescent
Lab_Strains_Fungicidal_Drug_Screen_Control-Lab_Strains_Quiescent-Strain1_AmpB-D3 0.01ug_AmpB.fcs,Strain1,AmpB,0.01,quiescent
Lab_Strains_Fungicidal_Drug_Screen_Control-Lab_Strains_Quiescent-Strain1_AmpB-D4 0.1ug_AmpB.fcs,Strain1,AmpB,0.1,quiescent
Lab_Strains_Fungicidal_Drug_Screen_Control-Lab_Strains_Quiescent-Strain1_AmpB-D5 1ug_AmpB.fcs,Strain1,AmpB,1,quiescent
Lab_Strains_Fungicidal_Drug_Screen_Control-Lab_Strains_Quiescent-Strain1_AmpB-D6 10ug_AmpB.fcs,Strain1,AmpB,10,quiescent
Lab_Strains_Fungicidal_Drug_Screen_Control-Lab_Strains_Quiescent-Strain1_Caspofungin-H1 Blank.fcs,Strain1,Caspofungin,0,quiescent
Lab_Strains_Fungicidal_Drug_Screen_Control-Lab_Strains_Quiescent-Strain1_Caspofungin-H2 0.001ug_Caspofungin.fcs,Strain1,Caspofungin,0.001,quiescent
Lab_Strains_Fungicidal_Drug_Screen_Control-Lab_Strains_Quiescent-Strain1_Caspofungin-H3 0.01ug_Caspofungin.fcs,Strain1,Caspofungin,0.01,quiescent
Lab_Strains_Fungicidal_Drug_Screen_Control-Lab_Strains_Quiescent-Strain1_Caspofungin-H4 0.1ug_Caspofungin.fcs,Strain1,Caspofungin,0.1,quiescent
Lab_Strains_Fungicidal_Drug_Screen_Control-Lab_Strains_Quiescent-Strain1_Caspofungin-H5 1ug_Caspofungin.fcs,Strain1,Caspofungin,1,quiescent
Lab_Strains_Fungicidal_Drug_Screen_Control-Lab_Strains_Quiescent-Strain1_Caspofungin-H6 10ug_Caspofungin.fcs,Strain1,Caspofungin,10,quiescent
Lab_Strains_Fungicidal_Drug_Screen_Control-Lab_Strains_Quiescent-Strain1_Micafungin-F1 Blank.fcs,Strain1,Micafungin,0,quiescent
Lab_Strains_Fungicidal_Drug_Screen_Control-Lab_Strains_Quiescent-Strain1_Micafungin-F2 0.001ug_Micafungin.fcs,Strain1,Micafungin,0.001,quiescent
Lab_Strains_Fungicidal_Drug_Screen_Control-Lab_Strains_Quiescent-Strain1_Micafungin-F3 0.01ug_Micafungin.fcs,Strain1,Micafungin,0.01,quiescent
Lab_Strains_Fungicidal_Drug_Screen_Control-Lab_Strains_Quiescent-Strain1_Micafungin-F4 0.1ug_Micafungin.fcs,Strain1,Micafungin,0.1,quiescent
Lab_Strains_Fungicidal_Drug_Screen_Control-Lab_Strains_Quiescent-Strain1_Micafungin-F5 1ug_Micafungin.fcs,Strain1,Micafungin,1,quiescent
Lab_Strains_Fungicidal_Drug_Screen_Control-Lab_Strains_Quiescent-Strain1_Micafungin-F6 10ug_Micafungin.fcs,Strain1,Micafungin,10,quiescent
Lab_Strains_Fungicidal_Drug_Screen_Control-Lab_Strains_Quiescent-Strain2_5FC-A1 Blank.fcs,Strain2,5FC,0,quiescent
Lab_Strains_Fungicidal_Drug_Screen_Control-Lab_Strains_Quiescent-Strain2_5FC-A2 0.001ug_5FC.fcs,Strain2,5FC,0.001,quiescent
Lab_Strains_Fungicidal_Drug_Screen_Control-Lab_Strains_Quiescent-Strain2_5FC-A3 0.01ug_5FC.fcs,Strain2,5FC,0.01,quiescent
Lab_Strains_Fungicidal_Drug_Screen_Control-Lab_Strains_Quiescent-Strain2_5FC-A4 0.1ug_5FC.fcs,Strain2,5FC,0.1,quiescent
Lab_Strains_Fungicidal_Drug_Screen_Control-Lab_Strains_Quiescent-Strain2_5FC-A5 1ug_5FC.fcs,Strain2,5FC,1,quiescent
Lab_Strains_Fungicidal_Drug_Screen_Control-Lab_Strains_Quiescent-Strain2_5FC-A6 10ug_5FC.fcs,Strain2,5FC,10,quiescent
Lab_Strains_Fungicidal_Drug_Screen_Control-Lab_Strains_Quiescent-Strain2_AmpB-C1 Blank.fcs,Strain2,AmpB,0,quiescent
Lab_Strains_Fungicidal_Drug_Screen_Control-Lab_Strains_Quiescent-Strain2_AmpB-C2 0.001ug_AmpB.fcs,Strain2,AmpB,0.001,quiescent
Lab_Strains_Fungicidal_Drug_Screen_Control-Lab_Strains_Quiescent-Strain2_AmpB-C3 0.01ug_AmpB.fcs,Strain2,AmpB,0.01,quiescent
Lab_Strains_Fungicidal_Drug_Screen_Control-Lab_Strains_Quiescent-Strain2_AmpB-C4 0.1ug_AmpB.fcs,Strain2,AmpB,0.1,quiescent
Lab_Strains_Fungicidal_Drug_Screen_Control-Lab_Strains_Quiescent-Strain2_AmpB-C5 1ug_AmpB.fcs,Strain2,AmpB,1,quiescent
Lab_Strains_Fungicidal_Drug_Screen_Control-Lab_Strains_Quiescent-Strain2_AmpB-C6 10ug_AmpB.fcs,Strain2,AmpB,10,quiescent
Lab_Strains_Fungicidal_Drug_Screen_Control-Lab_Strains_Quiescent-Strain2_Caspofungin-G1 Blank.fcs,Strain2,Caspofungin,0,quiescent
Lab_Strains_Fungicidal_Drug_Screen_Control-Lab_Strains_Quiescent-Strain2_Caspofungin-G2 0.001ug_Caspofungin.fcs,Strain2,Caspofungin,0.001,quiescent
Lab_Strains_Fungicidal_Drug_Screen_Control-Lab_Strains_Quiescent-Strain2_Caspofungin-G3 0.01ug_Caspofungin.fcs,Strain2,Caspofungin,0.01,quiescent
Lab_Strains_Fungicidal_Drug_Screen_Control-Lab_Strains_Quiescent-Strain2_Caspofungin-G4 0.1ug_Caspofungin.fcs,Strain2,Caspofungin,0.1,quiescent
Lab_Strains_Fungicidal_Drug_Screen_Control-Lab_Strains_Quiescent-Strain2_Caspofungin-G5 1ug_Caspofungin.fcs,Strain2,Caspofungin,1,quiescent
Lab_Strains_Fungicidal_Drug_Screen_Control-Lab_Strains_Quiescent-Strain2_Caspofungin-G6 10ug_Caspofungin.fcs,Strain2,Caspofungin,10,quiescent
Lab_Strains_Fungicidal_Drug_Screen_Control-Lab_Strains_Quiescent-Strain2_Micafungin-E1 Blank.fcs,Strain2,Micafungin,0,quiescent
Lab_Strains_Fungicidal_Drug_Screen_Control-Lab_Strains_Quiescent-Strain2_Micafungin-E2 0.001ug_Micafungin.fcs,Strain2,Micafungin,0.001,quiescent
Lab_Strains_Fungicidal_Drug_Screen_Control-Lab_Strains_Quiescent-Strain2_Micafungin-E3 0.01ug_Micafungin.fcs,Strain2,Micafungin,0.01,quiescent
Lab_Strains_Fungicidal_Drug_Screen_Control-Lab_Strains_Quiescent-Strain2_Micafungin-E4 0.1ug_Micafungin.fcs,Strain2,Micafungin,0.1,quiescent
Lab_Strains_Fungicidal_Drug_Screen_Control-Lab_Strains_Quiescent-Strain2_Micafungin-E5 1ug_Micafungin.fcs,Strain2,Micafungin,1,quiescent
Lab_Strains_Fungicidal_Drug_Screen_Control-Lab_Strains_Quiescent-Strain2_Micafungin-E6 10ug_Micafungin.fcs,Strain2,Micafungin,10,quiescent