Well,Sample_name,Type,Media,Time,Repeat
A1,300uM_ST,Standard,NA,NA,NA
A2,300uM_ST,Standard,NA,NA,NA
A3,180uM_ST,Standard,NA,NA,NA
A4,180uM_ST,Standard,NA,NA,NA
A5,90uM_ST,Standard,NA,NA,NA
A6,90uM_ST,Standard,NA,NA,NA
A7,0uM_ST,Standard,NA,NA,NA
A8,0uM_ST,Standard,NA,NA,NA
A9,Rich_2h,Experimental,Rich,2,1
A10,Rich_2h,Experimental,Rich,2,2
A11,Rich_2h,Experimental,Rich,2,3
A12,Minimal_2h,Experimental,Minimal,2,1
B1,Minimal_2h,Experimental,Minimal,2,2
B2,Minimal_2h,Experimental,Minimal,2,3
B3,Rich_5h,Experimental,Rich,5,1
B4,Rich_5h,Experimental,Rich,5,2
B5,Rich_5h,Experimental,Rich,5,3
B6,Minimal_5h,Experimental,Minimal,5,1
B7,Minimal_5h,Experimental,Minimal,5,2
B8,Minimal_5h,Experimental,Minimal,5,3
B9,Rich_8h,Experimental,Rich,8,1
B10,Rich_8h,Experimental,Rich,8,2
B11,Rich_8h,Experimental,Rich,8,3
B12,Minimal_8h,Experimental,Minimal,8,1
C1,Minimal_8h,Experimental,Minimal,8,2
C2,Minimal_8h,Experimental,Minimal,8,3
C3,Rich_11h,Experimental,Rich,11,1
C4,Rich_11h,Experimental,Rich,11,2
C5,Rich_11h,Experimental,Rich,11,3
C6,Minimal_11h,Experimental,Minimal,11,1
C7,Minimal_11h,Experimental,Minimal,11,2
C8,Minimal_11h,Experimental,Minimal,11,3
C9,Rich_24h,Experimental,Rich,24,1
C10,Rich_24h,Experimental,Rich,24,2
C11,Rich_24h,Experimental,Rich,24,3
C12,Minimal_24h,Experimental,Minimal,24,1
D1,Minimal_24h,Experimental,Minimal,24,2
D2,Minimal_24h,Experimental,Minimal,24,3
D3,Rich_48h,Experimental,Rich,48,1
D4,Rich_48h,Experimental,Rich,48,2
D5,Rich_48h,Experimental,Rich,48,3
D6,Minimal_48h,Experimental,Minimal,48,1
D7,Minimal_48h,Experimental,Minimal,48,2
D8,Minimal_48h,Experimental,Minimal,48,3
D9,Rich_72h,Experimental,Rich,72,1
D10,Rich_72h,Experimental,Rich,72,2
D11,Rich_72h,Experimental,Rich,72,3
D12,Minimal_72h,Experimental,Minimal,72,1
E1,Minimal_72h,Experimental,Minimal,72,2
E2,Minimal_72h,Experimental,Minimal,72,3
E3,Rich_CTRL,Control,Rich,NA,1
E4,Rich_CTRL,Control,Rich,NA,2
E5,Rich_CTRL,Control,Rich,NA,3
E6,Minimal_CTRL,Control,Minimal,NA,1
E7,Minimal_CTRL,Control,Minimal,NA,2
E8,Minimal_CTRL,Control,Minimal,NA,3
