,Time,Media,Biological Rep,2n,4n
3,2,Rich,1,0.448036952,0.551963048
4,2,Rich,2,0.410085513,0.589914487
5,2,Rich,3,0.479029247,0.520970753
0,2,Minimal,1,0.405231017,0.594768983
1,2,Minimal,2,0.440345884,0.559654116
2,2,Minimal,3,0.448483545,0.551516455
9,4,Rich,1,0.430660553,0.569339447
10,4,Rich,2,0.496153846,0.503846154
11,4,Rich,3,0.443550415,0.556449585
6,4,Minimal,1,0.445427092,0.554572908
7,4,Minimal,2,0.400637741,0.599362259
8,4,Minimal,3,0.393053221,0.606946779
16,6,Rich,2,0.471226022,0.528773978
15,6,Rich,1,0.510185292,0.489814708
17,6,Rich,3,0.496623981,0.503376019
13,6,Minimal,2,0.349893289,0.650106711
12,6,Minimal,1,0.357970149,0.642029851
14,6,Minimal,3,0.352249792,0.647750208
21,24,Rich,1,0.4780552506666667,0.5219447493333333
22,24,Rich,2,0.5179586509999999,0.482041349
23,24,Rich,3,0.5399675466666666,0.4600324533333333
18,24,Minimal,1,0.4101845393333334,0.5898154606666667
19,24,Minimal,2,0.49913920866666667,0.5008607913333333
20,24,Minimal,3,0.4275565776666667,0.5724434223333333
29,48,Rich,3,0.6077109563333333,0.39228904366666667
28,48,Rich,2,0.5638200606666667,0.4361799393333334
27,48,Rich,1,0.6206895646666667,0.37931043533333336
25,48,Minimal,2,0.5483393626666667,0.45166063733333334
24,48,Minimal,1,0.4146089906666666,0.5853910093333333
26,48,Minimal,3,0.5001479016666667,0.4998520983333334
33,72,Rich,1,0.6171807533333333,0.38281924666666667
34,72,Rich,2,0.5401050466666667,0.45989495333333336
35,72,Rich,3,0.6236753946666665,0.37632460533333334
30,72,Minimal,1,0.6292748976666667,0.37072510233333333
31,72,Minimal,2,0.5767430453333334,0.4232569546666667
32,72,Minimal,3,0.5740483063333334,0.4259516936666667