Sample_name,Singlet,Doublet,Triplet,Quadruplet+,Ambiguous,Total,Type1%,Type2%,Type3%,Type4%,Bud_index,Media,Time
Minimal_2h-2005_B1,32,16,12,7,6,73,0.4383561644,0.2191780822,0.1643835616,0.09589041096,0.4776119403,Minimal,2
Minimal_2h-2005_B2,21,16,4,7,1,49,0.4285714286,0.3265306122,0.08163265306,0.1428571429,0.4375,Minimal,2
Minimal_2h-3002_B2,62,41,8,22,21,154,0.4025974026,0.2662337662,0.05194805195,0.1428571429,0.4661654135,Minimal,2
Rich-2h001_B1,23,12,9,5,3,52,0.4423076923,0.2307692308,0.1730769231,0.09615384615,0.4693877551,Rich,2
Rich-2h002_B2,29,17,5,1,4,56,0.5178571429,0.3035714286,0.08928571429,0.01785714286,0.5576923077,Rich,2
Rich-2h003_B2,44,26,11,2,5,88,0.5,0.2954545455,0.125,0.02272727273,0.5301204819,Rich,2
Rich-2h004_A2,20,18,5,1,2,46,0.4347826087,0.3913043478,0.1086956522,0.02173913043,0.4545454545,Rich,2
Minimal-4h001_A2,5,16,6,7,5,39,0.1282051282,0.4102564103,0.1538461538,0.1794871795,0.1470588235,Minimal,4
Minimal-4h001_B2,13,16,4,7,3,43,0.3023255814,0.3720930233,0.09302325581,0.1627906977,0.325,Minimal,4
Minimal-4h002_B2,9,11,5,23,11,59,0.1525423729,0.186440678,0.08474576271,0.3898305085,0.1875,Minimal,4
Minimal-4h003_A2,14,9,3,7,8,41,0.3414634146,0.2195121951,0.07317073171,0.1707317073,0.4242424242,Minimal,4
Minimal-4h004_B1,12,16,2,10,8,48,0.25,0.3333333333,0.04166666667,0.2083333333,0.3,Minimal,4
Minimal-4h007_B2,20,10,4,2,2,38,0.5263157895,0.2631578947,0.1052631579,0.05263157895,0.5555555556,Minimal,4
Rich-4h001_B1,28,17,13,5,1,64,0.4375,0.265625,0.203125,0.078125,0.4444444444,Rich,4
Rich-4h002_A1,29,17,3,4,1,54,0.537037037,0.3148148148,0.05555555556,0.07407407407,0.5471698113,Rich,4
Rich-4h002_B1,27,12,4,4,1,48,0.5625,0.25,0.08333333333,0.08333333333,0.5744680851,Rich,4
Rich-4h004_B1,24,18,5,5,4,56,0.4285714286,0.3214285714,0.08928571429,0.08928571429,0.4615384615,Rich,4
Rich-4h004_B2,20,20,8,6,3,57,0.350877193,0.350877193,0.1403508772,0.1052631579,0.3703703704,Rich,4
Rich-4h005_B2,34,17,11,10,0,72,0.4722222222,0.2361111111,0.1527777778,0.1388888889,0.4722222222,Rich,4
Rich-4h006_A2,16,18,9,3,2,48,0.3333333333,0.375,0.1875,0.0625,0.347826087,Rich,4
Rich-4h006_B2,31,15,4,4,1,55,0.5636363636,0.2727272727,0.07272727273,0.07272727273,0.5740740741,Rich,4
Minimal-6h001_B1,10,11,7,18,7,53,0.1886792453,0.2075471698,0.1320754717,0.3396226415,0.2173913043,Minimal,6
Minimal-6h002_B2,10,25,9,26,7,77,0.1298701299,0.3246753247,0.1168831169,0.3376623377,0.1428571429,Minimal,6
Minimal-6h003_A2,11,36,7,17,2,73,0.1506849315,0.4931506849,0.09589041096,0.2328767123,0.1549295775,Minimal,6
Minimal-6h006_B1,6,15,3,32,5,61,0.09836065574,0.2459016393,0.04918032787,0.5245901639,0.1071428571,Minimal,6
Minimal-6h005_B1,12,23,13,33,5,86,0.1395348837,0.2674418605,0.1511627907,0.3837209302,0.1481481481,Minimal,6
Minimal-6h004_B2,13,22,7,6,0,48,0.2708333333,0.4583333333,0.1458333333,0.125,0.2708333333,Minimal,6
Rich-6h005_B1,16,9,1,9,2,37,0.4324324324,0.2432432432,0.02702702703,0.2432432432,0.4571428571,Rich,6
Rich-6h002_B2,32,19,24,31,6,112,0.2857142857,0.1696428571,0.2142857143,0.2767857143,0.3018867925,Rich,6
Rich-6h006_A1,28,14,5,8,1,56,0.5,0.25,0.08928571429,0.1428571429,0.5090909091,Rich,6
Minimal-24h006_A1,52,55,9,14,7,137,0.3795620438,0.401459854,0.06569343066,0.102189781,0.4,Minimal,24
Minimal-24h005_B1,96,94,6,1,6,203,0.4729064039,0.4630541872,0.02955665025,0.004926108374,0.4873096447,Minimal,24
Minimal-24h002_A1,127,124,5,1,7,264,0.4810606061,0.4696969697,0.01893939394,0.003787878788,0.4941634241,Minimal,24
Minimal-24h004_B1,146,60,2,2,9,219,0.6666666667,0.2739726027,0.009132420091,0.009132420091,0.6952380952,Minimal,24
Minimal-24h001_A2,111,93,8,1,7,220,0.5045454545,0.4227272727,0.03636363636,0.004545454545,0.5211267606,Minimal,24
Minimal-24h003_A2,98,62,6,3,2,171,0.5730994152,0.3625730994,0.0350877193,0.01754385965,0.5798816568,Minimal,24
Rich-24h009_A2,26,61,54,12,8,161,0.1614906832,0.3788819876,0.3354037267,0.07453416149,0.1699346405,Rich,24
Rich-24h007_B2,20,51,49,15,3,138,0.1449275362,0.3695652174,0.3550724638,0.1086956522,0.1481481481,Rich,24
Rich-24h004_B2,18,53,33,23,4,131,0.1374045802,0.4045801527,0.2519083969,0.1755725191,0.1417322835,Rich,24
Minimal-48h010_B1,155,75,12,2,11,255,0.6078431373,0.2941176471,0.04705882353,0.007843137255,0.6352459016,Minimal,48
Minimal-48h002_B1,84,72,7,1,0,164,0.512195122,0.4390243902,0.04268292683,0.006097560976,0.512195122,Minimal,48
Minimal-48h004_B1,124,64,9,4,14,215,0.576744186,0.2976744186,0.04186046512,0.01860465116,0.6169154229,Minimal,48
Minimal-48h006_B1,147,50,8,1,3,209,0.7033492823,0.2392344498,0.03827751196,0.004784688995,0.713592233,Minimal,48
Minimal-48h009_A2,157,72,9,4,0,242,0.6487603306,0.2975206612,0.03719008264,0.01652892562,0.6487603306,Minimal,48
Rich-48h002_A1,41,64,29,8,3,145,0.2827586207,0.4413793103,0.2,0.05517241379,0.2887323944,Rich,48
Rich-48h004_A2,21,46,26,13,2,108,0.1944444444,0.4259259259,0.2407407407,0.1203703704,0.1981132075,Rich,48
Rich-48h005_A2,39,51,40,13,3,146,0.2671232877,0.3493150685,0.2739726027,0.08904109589,0.2727272727,Rich,48
Rich-48h007_B2,26,61,40,16,1,144,0.1805555556,0.4236111111,0.2777777778,0.1111111111,0.1818181818,Rich,48
Rich-48h006_B1,46,83,33,8,1,171,0.269005848,0.485380117,0.1929824561,0.04678362573,0.2705882353,Rich,48
Rich-72h004_B2,44,39,19,2,1,105,0.419047619,0.3714285714,0.180952381,0.01904761905,0.4230769231,Rich,72
Rich-72h001_A2,24,20,24,8,2,78,0.3076923077,0.2564102564,0.3076923077,0.1025641026,0.3157894737,Rich,72
Rich-72h002_B1,16,15,9,8,0,48,0.3333333333,0.3125,0.1875,0.1666666667,0.3333333333,Rich,72
Rich-72h005_B2,28,12,13,6,0,59,0.4745762712,0.2033898305,0.2203389831,0.1016949153,0.4745762712,Rich,72
Rich-72h005_A2,28,21,14,4,0,67,0.4179104478,0.3134328358,0.2089552239,0.05970149254,0.4179104478,Rich,72
Rich-72h006_B1,31,24,14,4,4,77,0.4025974026,0.3116883117,0.1818181818,0.05194805195,0.4246575342,Rich,72
Rich-72h001_B1,30,14,14,3,0,61,0.4918032787,0.2295081967,0.2295081967,0.04918032787,0.4918032787,Rich,72
Rich-72h002_A1,18,11,6,11,0,46,0.3913043478,0.2391304348,0.1304347826,0.2391304348,0.3913043478,Rich,72
Rich-72h002_B2,24,15,5,2,0,46,0.5217391304,0.3260869565,0.1086956522,0.04347826087,0.5217391304,Rich,72
Rich-72h001_A1,28,28,17,5,1,79,0.3544303797,0.3544303797,0.2151898734,0.06329113924,0.358974359,Rich,72
Rich-72h003_A1,32,71,36,13,2,154,0.2077922078,0.461038961,0.2337662338,0.08441558442,0.2105263158,Rich,72
Minimal-72h005_A2,18,5,0,0,0,23,0.7826086957,0.2173913043,0,0,0.7826086957,Minimal,72
Minimal-72h005_A2,11,7,1,0,0,19,0.5789473684,0.3684210526,0.05263157895,0,0.5789473684,Minimal,72
Minimal-72h005_A3,11,7,1,0,0,19,0.5789473684,0.3684210526,0.05263157895,0,0.5789473684,Minimal,72
Minimal-72h005_B2,14,4,0,0,0,18,0.7777777778,0.2222222222,0,0,0.7777777778,Minimal,72
Minimal-72h004_B2,17,5,0,0,0,22,0.7727272727,0.2272727273,0,0,0.7727272727,Minimal,72
Minimal-72h003_C2,14,7,0,0,0,21,0.6666666667,0.3333333333,0,0,0.6666666667,Minimal,72
Minimal-72h003_C3,12,7,0,0,0,19,0.6315789474,0.3684210526,0,0,0.6315789474,Minimal,72
Minimal-72h003_B2,16,9,0,0,0,25,0.64,0.36,0,0,0.64,Minimal,72
Minimal-72h003_B3,19,9,0,0,0,28,0.6785714286,0.3214285714,0,0,0.6785714286,Minimal,72
Minimal-72h002_B2,25,7,1,0,0,33,0.7575757576,0.2121212121,0.0303030303,0,0.7575757576,Minimal,72
Minimal-72h002_C1,15,10,0,0,1,26,0.5769230769,0.3846153846,0,0,0.6,Minimal,72
Minimal-72h001_B2,11,7,1,0,2,21,0.5238095238,0.3333333333,0.04761904762,0,0.5789473684,Minimal,72