Well,Sample,Bio_rep,Tech_rep,C_vs_N_group,Conc_group,C_only,N_only
A1,B,NA,NA,1,1,1,1
A2,B,NA,NA,1,1,1,1
A3,B,NA,NA,1,1,1,1
A4,B,NA,NA,1,1,1,1
A5,B,NA,NA,1,1,1,1
A6,B,NA,NA,1,1,1,1
A7,B,NA,NA,1,1,1,1
A8,B,NA,NA,1,1,1,1
A9,B,NA,NA,1,1,1,1
A10,B,NA,NA,1,1,1,1
A11,B,NA,NA,1,1,1,1
A12,B,NA,NA,1,1,1,1
B1,B,NA,NA,1,1,1,1
B2,WT1_8X_C,1,1,2,2,2,NA
B3,WT1_4X_C,1,1,2,3,3,NA
B4,WT1_2X_C,1,1,2,4,4,NA
B5,WT1_1X_C,1,1,2,5,5,NA
B6,WT1_0X_C,1,1,2,6,6,NA
B7,WT1_8X_N,1,1,3,7,NA,2
B8,WT1_4X_N,1,1,3,8,NA,3
B9,WT1_2X_N,1,1,3,9,NA,4
B10,WT1_1X_N,1,1,3,10,NA,5
B11,WT1_0X_N,1,1,3,11,NA,6
B12,B,NA,NA,1,1,1,1
C1,B,NA,NA,1,1,1,1
C2,WT1_8X_C,1,2,2,2,2,NA
C3,WT1_4X_C,1,2,2,3,3,NA
C4,WT1_2X_C,1,2,2,4,4,NA
C5,WT1_1X_C,1,2,2,5,5,NA
C6,WT1_0X_C,1,2,2,6,6,NA
C7,WT1_8X_N,1,2,3,7,NA,2
C8,WT1_4X_N,1,2,3,8,NA,3
C9,WT1_2X_N,1,2,3,9,NA,4
C10,WT1_1X_N,1,2,3,10,NA,5
C11,WT1_0X_N,1,2,3,11,NA,6
C12,B,NA,NA,1,1,1,1
D1,B,NA,NA,1,1,1,1
D2,WT1_8X_C,1,3,2,2,2,NA
D3,WT1_4X_C,1,3,2,3,3,NA
D4,WT1_2X_C,1,3,2,4,4,NA
D5,WT1_1X_C,1,3,2,5,5,NA
D6,WT1_0X_C,1,3,2,6,6,NA
D7,WT1_8X_N,1,3,3,7,NA,2
D8,WT1_4X_N,1,3,3,8,NA,3
D9,WT1_2X_N,1,3,3,9,NA,4
D10,WT1_1X_N,1,3,3,10,NA,5
D11,WT1_0X_N,1,3,3,11,NA,6
D12,B,NA,NA,1,1,1,1
E1,B,NA,NA,1,1,1,1
E2,WT2_8X_C,2,1,4,2,2,NA
E3,WT2_4X_C,2,1,4,3,3,NA
E4,WT2_2X_C,2,1,4,4,4,NA
E5,WT2_1X_C,2,1,4,5,5,NA
E6,WT2_0X_C,2,1,4,6,6,NA
E7,WT2_8X_N,2,1,5,7,NA,2
E8,WT2_4X_N,2,1,5,8,NA,3
E9,WT2_2X_N,2,1,5,9,NA,4
E10,WT2_1X_N,2,1,5,10,NA,5
E11,WT2_0X_N,2,1,5,11,NA,6
E12,B,NA,NA,1,1,1,1
F1,B,NA,NA,1,1,1,1
F2,WT2_8X_C,2,2,4,2,2,NA
F3,WT2_4X_C,2,2,4,3,3,NA
F4,WT2_2X_C,2,2,4,4,4,NA
F5,WT2_1X_C,2,2,4,5,5,NA
F6,WT2_0X_C,2,2,4,6,6,NA
F7,WT2_8X_N,2,2,5,7,NA,2
F8,WT2_4X_N,2,2,5,8,NA,3
F9,WT2_2X_N,2,2,5,9,NA,4
F10,WT2_1X_N,2,2,5,10,NA,5
F11,WT2_0X_N,2,2,5,11,NA,6
F12,B,NA,NA,1,1,1,1
G1,B,NA,NA,1,1,1,1
G2,WT2_8X_C,2,3,4,2,2,NA
G3,WT2_4X_C,2,3,4,3,3,NA
G4,WT2_2X_C,2,3,4,4,4,NA
G5,WT2_1X_C,2,3,4,5,5,NA
G6,WT2_0X_C,2,3,4,6,6,NA
G7,WT2_8X_N,2,3,5,7,NA,2
G8,WT2_4X_N,2,3,5,8,NA,3
G9,WT2_2X_N,2,3,5,9,NA,4
G10,WT2_1X_N,2,3,5,10,NA,5
G11,WT2_0X_N,2,3,5,11,NA,6
G12,B,NA,NA,1,1,1,1
H1,B,NA,NA,1,1,1,1
H2,B,NA,NA,1,1,1,1
H3,B,NA,NA,1,1,1,1
H4,B,NA,NA,1,1,1,1
H5,B,NA,NA,1,1,1,1
H6,B,NA,NA,1,1,1,1
H7,B,NA,NA,1,1,1,1
H8,B,NA,NA,1,1,1,1
H9,B,NA,NA,1,1,1,1
H10,B,NA,NA,1,1,1,1
H11,B,NA,NA,1,1,1,1
H12,B,NA,NA,1,1,1,1