Method name: Method 1,,,,,,,,,,,,
Application: SparkControl,,,,V4.1,,,,,,,,
Device: Spark,,,,Serial number: 2011013087,,,,,,,,
Firmware:,,,,ABS:V4.3.2|ABS_MEX:V5.1.1|MTP:V14.2.11|FLUOR:V5.1.4|FLUOR_BOTTOM:V5.0.2|FLUOR_MEM:V5.1.1|FLUOR_MEX:V5.1.1|PODI:V1.11.2,,,,,,,,
,,,,,,,,,,,,
Date:,,,,2026-08-25,,,,,,,,
Time:,,,,2:40 PM,,,,,,,,
System,,,,DESKTOP-PRCVIKT,,,,,,,,
User,,,,DESKTOP-PRCVIKT\gresham,,,,,,,,
Plate,,,,[COS96ft] - Costar 96 Flat Transparent Cat. No.: 3361/3590/9018/3591/9017/3641/3628/3370/2507/2509/2503/9017/9018/3641/3598/3599/3585/3595/3300/3474,,,,,,,,
Lid lifter,,,,No lid,,,,,,,,
Humidity Cassette,,,,No humidity cassette,,,,,,,,
Smooth mode,,,,Not selected,,,,,,,,
,,,,,,,,,,,,
List of actions in this measurement script:,,,,,,,,,,,,
Plate,,,,,,,,,,,,
,Absorbance,,,,,Measurement 1,,,,,,
,,,,,,,,,,,,
Name,,,,COS96ft,,,,,,,,
Plate layout,,,,,,,,,,,,
Plate area,,,,A1-H3,,,,,,,,
,,,,,,,,,,,,
Mode,,,,Absorbance,,,,,,,,
Name,,,,Measurement 1,,,,,,,,
Measurement wavelength [nm],,,,600,,,,,,,,
Number of flashes,,,,10,,,,,,,,
Settle time [ms],,,,50,,,,,,,,
Part of Plate,,,,A1-H3,,,,,,,,
,,,,,,,,,,,,
Start Time,,,,2026-08-25 14:40:37,,,,,,,,
Temperature [°C],,,,25.6,,,,,,,,
,,,,,,,,,,,,
<>,1,2,3,4,5,6,7,8,9,10,11,12
A,0.1127,0.1149,0.1153,0.3242,0.327,0.2962,1.0117,1.0192,1.0461,0.5597,0.6415,0.5736
B,0.1236,0.1277,0.1354,0.3332,0.2769,0.31,1.0276,1.0203,1.0499,0.2123,0.26,0.3921
C,0.1029,0.0918,0.0985,0.2797,0.2401,0.1937,0.2951,0.3433,0.0889,0.0669,0.0995,0.0695
D,0.11,0.108,0.1049,0.2973,0.3044,0.2896,1.0225,1.0607,1.0063,0.2318,0.229,0.2183
E,0.1036,0.1001,0.1021,0.3019,0.2819,0.276,1.0558,1.0959,1.0513,0.2723,0.2182,0.2495
F,0.0486,0.0491,0.0523,0.0633,0.059,0.0577,0.0433,0.0445,0.0452,0.6734,0.6946,0.6869
G,0.0678,0.0674,0.0681,0.0678,0.0682,0.0689,0.0689,0.0699,0.0698,0.0567,0.0555,0.0597
H,0.0429,0.0442,0.0472,0.0431,0.0436,0.043,0.0431,0.0443,0.0434,0.0468,0.045,0.0471
,,,,,,,,,,,,
,,,,,,,,,,,,
End Time,,,,2026-08-25 14:40:45,,,,,,,,
