"sample","strain","Single_cells","Live_cells","Dead_cells","viability"
"Ozan_KOStrains_Viability_Plate1_Day3-Quiescent_Validation-Plate1_Day3-A1 Strain_001.fcs","Strain001",32814,31326,699,97.8173302107728
"Ozan_KOStrains_Viability_Plate1_Day3-Quiescent_Validation-Plate1_Day3-A2 Strain_002.fcs","Strain002",31670,30788,716,97.7272727272727
"Ozan_KOStrains_Viability_Plate1_Day3-Quiescent_Validation-Plate1_Day3-A3 Strain_003.fcs","Strain003",34240,32962,849,97.4889828753956
"Ozan_KOStrains_Viability_Plate1_Day3-Quiescent_Validation-Plate1_Day3-A4 Strain_004.fcs","Strain004",33971,32461,961,97.1246484351625
"Ozan_KOStrains_Viability_Plate1_Day3-Quiescent_Validation-Plate1_Day3-A5 Strain_005.fcs","Strain005",40507,39744,454,98.8705905766456
"Ozan_KOStrains_Viability_Plate1_Day3-Quiescent_Validation-Plate1_Day3-A6 Strain_006.fcs","Strain006",38473,37730,351,99.0782805073396
"Ozan_KOStrains_Viability_Plate1_Day3-Quiescent_Validation-Plate1_Day3-A7 Strain_007.fcs","Strain007",28763,26947,1661,94.1939317673378
"Ozan_KOStrains_Viability_Plate1_Day3-Quiescent_Validation-Plate1_Day3-A8 Strain_008.fcs","Strain008",30704,29120,1389,95.4472450752237
"Ozan_KOStrains_Viability_Plate1_Day3-Quiescent_Validation-Plate1_Day3-A9 Strain_009.fcs","Strain009",32091,30789,1130,96.4597888405025
"Ozan_KOStrains_Viability_Plate1_Day3-Quiescent_Validation-Plate1_Day3-A10 Strain_010.fcs","Strain010",30694,29038,1437,95.284659557014
"Ozan_KOStrains_Viability_Plate1_Day3-Quiescent_Validation-Plate1_Day3-A11 Strain_011.fcs","Strain011",32327,31103,1168,96.3806513588051
"Ozan_KOStrains_Viability_Plate1_Day3-Quiescent_Validation-Plate1_Day3-A12 Strain_012.fcs","Strain012",30607,28664,1790,94.1222827871544
"Ozan_KOStrains_Viability_Plate1_Day3-Quiescent_Validation-Plate1_Day3-B1 Strain_013.fcs","Strain013",40989,39557,667,98.3417859984089
"Ozan_KOStrains_Viability_Plate1_Day3-Quiescent_Validation-Plate1_Day3-B2 Strain_014.fcs","Strain014",41300,40328,338,99.1688388334235
"Ozan_KOStrains_Viability_Plate1_Day3-Quiescent_Validation-Plate1_Day3-B3 Strain_015.fcs","Strain015",41561,39965,854,97.9078370366741
"Ozan_KOStrains_Viability_Plate1_Day3-Quiescent_Validation-Plate1_Day3-B4 Strain_016.fcs","Strain016",42355,41214,669,98.4026932168183
"Ozan_KOStrains_Viability_Plate1_Day3-Quiescent_Validation-Plate1_Day3-B5 Strain_017.fcs","Strain017",41591,40364,670,98.3672076814349
"Ozan_KOStrains_Viability_Plate1_Day3-Quiescent_Validation-Plate1_Day3-B6 Strain_018.fcs","Strain018",40292,39662,384,99.0411027318584
"Ozan_KOStrains_Viability_Plate1_Day3-Quiescent_Validation-Plate1_Day3-B7 Strain_019.fcs","Strain019",31366,29493,1618,94.7992671402398
"Ozan_KOStrains_Viability_Plate1_Day3-Quiescent_Validation-Plate1_Day3-B8 Strain_020.fcs","Strain020",32911,30569,2131,93.4831804281346
"Ozan_KOStrains_Viability_Plate1_Day3-Quiescent_Validation-Plate1_Day3-B9 Strain_021.fcs","Strain021",33101,29891,2877,91.2200927734375
"Ozan_KOStrains_Viability_Plate1_Day3-Quiescent_Validation-Plate1_Day3-B10 Strain_022.fcs","Strain022",34444,32371,1842,94.6160816064069
"Ozan_KOStrains_Viability_Plate1_Day3-Quiescent_Validation-Plate1_Day3-B11 Strain_023.fcs","Strain023",33917,32026,1666,95.0552059836163
"Ozan_KOStrains_Viability_Plate1_Day3-Quiescent_Validation-Plate1_Day3-B12 Strain_024.fcs","Strain024",31072,28799,2048,93.3607806269654
"Ozan_KOStrains_Viability_Plate1_Day3-Quiescent_Validation-Plate1_Day3-C1 Strain_025.fcs","Strain025",40647,39532,709,98.2381153549862
"Ozan_KOStrains_Viability_Plate1_Day3-Quiescent_Validation-Plate1_Day3-C2 Strain_026.fcs","Strain026",43800,42487,413,99.037296037296
"Ozan_KOStrains_Viability_Plate1_Day3-Quiescent_Validation-Plate1_Day3-C3 Strain_027.fcs","Strain027",41786,40301,1225,97.0500409382074
"Ozan_KOStrains_Viability_Plate1_Day3-Quiescent_Validation-Plate1_Day3-C4 Strain_028.fcs","Strain028",41800,40713,714,98.2764863494822
"Ozan_KOStrains_Viability_Plate1_Day3-Quiescent_Validation-Plate1_Day3-C5 Strain_029.fcs","Strain029",39997,37159,2547,93.5853523396968
"Ozan_KOStrains_Viability_Plate1_Day3-Quiescent_Validation-Plate1_Day3-C6 Strain_030.fcs","Strain030",41388,40852,417,98.9895563255713
"Ozan_KOStrains_Viability_Plate1_Day3-Quiescent_Validation-Plate1_Day3-C7 Strain_031.fcs","Strain031",30751,28246,1800,94.0091859149304
"Ozan_KOStrains_Viability_Plate1_Day3-Quiescent_Validation-Plate1_Day3-C8 Strain_032.fcs","Strain032",33665,30815,1953,94.0399169921875
"Ozan_KOStrains_Viability_Plate1_Day3-Quiescent_Validation-Plate1_Day3-C9 Strain_033.fcs","Strain033",35886,33397,1780,94.9398754868238
"Ozan_KOStrains_Viability_Plate1_Day3-Quiescent_Validation-Plate1_Day3-C10 Strain_034.fcs","Strain034",34498,31964,2132,93.7470671046457
"Ozan_KOStrains_Viability_Plate1_Day3-Quiescent_Validation-Plate1_Day3-C11 Strain_035.fcs","Strain035",33330,31249,1559,95.2481102170202
"Ozan_KOStrains_Viability_Plate1_Day3-Quiescent_Validation-Plate1_Day3-C12 Strain_036.fcs","Strain036",32198,29534,1982,93.7111308541693
"Ozan_KOStrains_Viability_Plate1_Day3-Quiescent_Validation-Plate1_Day3-D1 Strain_037.fcs","Strain037",38231,36359,659,98.2197849694743
"Ozan_KOStrains_Viability_Plate1_Day3-Quiescent_Validation-Plate1_Day3-D2 Strain_038.fcs","Strain038",40645,36959,761,97.9825026511135
"Ozan_KOStrains_Viability_Plate1_Day3-Quiescent_Validation-Plate1_Day3-D3 Strain_039.fcs","Strain039",38102,34274,2189,93.9966541425555
"Ozan_KOStrains_Viability_Plate1_Day3-Quiescent_Validation-Plate1_Day3-D4 Strain_040.fcs","Strain040",39423,37689,1106,97.1491171542725
"Ozan_KOStrains_Viability_Plate1_Day3-Quiescent_Validation-Plate1_Day3-D5 Strain_041.fcs","Strain041",38946,35978,2041,94.6316315526447
"Ozan_KOStrains_Viability_Plate1_Day3-Quiescent_Validation-Plate1_Day3-D6 Strain_042.fcs","Strain042",38945,37922,408,98.9355596138795
"Ozan_KOStrains_Viability_Plate1_Day3-Quiescent_Validation-Plate1_Day3-D7 Strain_043.fcs","Strain043",34172,31840,1620,95.1583980872684
"Ozan_KOStrains_Viability_Plate1_Day3-Quiescent_Validation-Plate1_Day3-D8 Strain_044.fcs","Strain044",34176,30914,2437,92.692872777428
"Ozan_KOStrains_Viability_Plate1_Day3-Quiescent_Validation-Plate1_Day3-D9 Strain_045.fcs","Strain045",34779,31656,2390,92.9800857663162
"Ozan_KOStrains_Viability_Plate1_Day3-Quiescent_Validation-Plate1_Day3-D10 Strain_046.fcs","Strain046",35306,32246,2369,93.156146179402
"Ozan_KOStrains_Viability_Plate1_Day3-Quiescent_Validation-Plate1_Day3-D11 Strain_047.fcs","Strain047",35603,32503,1914,94.4387947816486
"Ozan_KOStrains_Viability_Plate1_Day3-Quiescent_Validation-Plate1_Day3-D12 Strain_048.fcs","Strain048",34558,31664,2086,93.8192592592593
"Ozan_KOStrains_Viability_Plate1_Day3-Quiescent_Validation-Plate1_Day3-E1 Strain_049.fcs","Strain049",40412,38622,1108,97.2111754341807
"Ozan_KOStrains_Viability_Plate1_Day3-Quiescent_Validation-Plate1_Day3-E2 Strain_050.fcs","Strain050",38500,34249,1536,95.7076987564622
"Ozan_KOStrains_Viability_Plate1_Day3-Quiescent_Validation-Plate1_Day3-E3 Strain_051.fcs","Strain051",38350,35463,1074,97.0605139995074
"Ozan_KOStrains_Viability_Plate1_Day3-Quiescent_Validation-Plate1_Day3-E4 Strain_052.fcs","Strain052",41221,39189,1057,97.3736520399543
"Ozan_KOStrains_Viability_Plate1_Day3-Quiescent_Validation-Plate1_Day3-E5 Strain_053.fcs","Strain053",40389,37795,363,99.0486922794696
"Ozan_KOStrains_Viability_Plate1_Day3-Quiescent_Validation-Plate1_Day3-E6 Strain_054.fcs","Strain054",40379,38626,796,97.9808228907716
"Ozan_KOStrains_Viability_Plate1_Day3-Quiescent_Validation-Plate1_Day3-E7 Strain_055.fcs","Strain055",32817,30295,1690,94.7162732530874
"Ozan_KOStrains_Viability_Plate1_Day3-Quiescent_Validation-Plate1_Day3-E8 Strain_056.fcs","Strain056",34104,30502,2381,92.759176474166
"Ozan_KOStrains_Viability_Plate1_Day3-Quiescent_Validation-Plate1_Day3-E9 Strain_057.fcs","Strain057",35435,32346,2230,93.5504396112911
"Ozan_KOStrains_Viability_Plate1_Day3-Quiescent_Validation-Plate1_Day3-E10 Strain_058.fcs","Strain058",36007,32542,2552,92.7281016698011
"Ozan_KOStrains_Viability_Plate1_Day3-Quiescent_Validation-Plate1_Day3-E11 Strain_059.fcs","Strain059",36703,33665,2008,94.3710929834889
"Ozan_KOStrains_Viability_Plate1_Day3-Quiescent_Validation-Plate1_Day3-E12 Strain_060.fcs","Strain060",35963,33380,2247,93.6929856569456
"Ozan_KOStrains_Viability_Plate1_Day3-Quiescent_Validation-Plate1_Day3-F1 Strain_061.fcs","Strain061",38698,36997,692,98.1639205073098
"Ozan_KOStrains_Viability_Plate1_Day3-Quiescent_Validation-Plate1_Day3-F2 Strain_062.fcs","Strain062",37869,35339,1067,97.0691644234467
"Ozan_KOStrains_Viability_Plate1_Day3-Quiescent_Validation-Plate1_Day3-F3 Strain_063.fcs","Strain063",37887,36255,524,98.5752739334947
"Ozan_KOStrains_Viability_Plate1_Day3-Quiescent_Validation-Plate1_Day3-F4 Strain_064.fcs","Strain064",40832,37123,504,98.6605363170064
"Ozan_KOStrains_Viability_Plate1_Day3-Quiescent_Validation-Plate1_Day3-F5 Strain_065.fcs","Strain065",39012,37146,649,98.2828416457203
"Ozan_KOStrains_Viability_Plate1_Day3-Quiescent_Validation-Plate1_Day3-F6 Strain_066.fcs","Strain066",41016,39910,790,98.0589680589681
"Ozan_KOStrains_Viability_Plate1_Day3-Quiescent_Validation-Plate1_Day3-F7 Strain_067.fcs","Strain067",35164,33145,1415,95.9056712962963
"Ozan_KOStrains_Viability_Plate1_Day3-Quiescent_Validation-Plate1_Day3-F8 Strain_068.fcs","Strain068",35091,32719,2238,93.5978487856509
"Ozan_KOStrains_Viability_Plate1_Day3-Quiescent_Validation-Plate1_Day3-F9 Strain_069.fcs","Strain069",34372,31414,2448,92.7706573740476
"Ozan_KOStrains_Viability_Plate1_Day3-Quiescent_Validation-Plate1_Day3-F10 Strain_070.fcs","Strain070",35984,33168,1999,94.3156936901072
"Ozan_KOStrains_Viability_Plate1_Day3-Quiescent_Validation-Plate1_Day3-F11 Strain_071.fcs","Strain071",35190,32174,2450,92.9239833641405
"Ozan_KOStrains_Viability_Plate1_Day3-Quiescent_Validation-Plate1_Day3-F12 Strain_072.fcs","Strain072",36553,33933,2051,94.3002445531347
"Ozan_KOStrains_Viability_Plate1_Day3-Quiescent_Validation-Plate1_Day3-G1 Strain_073.fcs","Strain073",41770,40193,562,98.6210280947123
"Ozan_KOStrains_Viability_Plate1_Day3-Quiescent_Validation-Plate1_Day3-G2 Strain_074.fcs","Strain074",35501,32024,1118,96.6266368957818
"Ozan_KOStrains_Viability_Plate1_Day3-Quiescent_Validation-Plate1_Day3-G3 Strain_075.fcs","Strain075",37459,34239,888,97.4720300623452
"Ozan_KOStrains_Viability_Plate1_Day3-Quiescent_Validation-Plate1_Day3-G4 Strain_076.fcs","Strain076",39618,36709,699,98.1314157399487
"Ozan_KOStrains_Viability_Plate1_Day3-Quiescent_Validation-Plate1_Day3-G5 Strain_077.fcs","Strain077",37094,33441,2051,94.2212329539051
"Ozan_KOStrains_Viability_Plate1_Day3-Quiescent_Validation-Plate1_Day3-G6 Strain_078.fcs","Strain078",40893,38353,593,98.4773789349356
"Ozan_KOStrains_Viability_Plate1_Day3-Quiescent_Validation-Plate1_Day3-G7 Strain_079.fcs","Strain079",36121,33785,1290,96.3221667854597
"Ozan_KOStrains_Viability_Plate1_Day3-Quiescent_Validation-Plate1_Day3-G8 Strain_080.fcs","Strain080",30280,26907,2804,90.5624179596782
"Ozan_KOStrains_Viability_Plate1_Day3-Quiescent_Validation-Plate1_Day3-G9 Strain_081.fcs","Strain081",36756,33713,1632,95.3826566699675
"Ozan_KOStrains_Viability_Plate1_Day3-Quiescent_Validation-Plate1_Day3-G10 Strain_082.fcs","Strain082",31565,27504,2391,92.002007024586
"Ozan_KOStrains_Viability_Plate1_Day3-Quiescent_Validation-Plate1_Day3-G11 Strain_083.fcs","Strain083",36673,33313,1907,94.5854628052243
"Ozan_KOStrains_Viability_Plate1_Day3-Quiescent_Validation-Plate1_Day3-G12 Strain_084.fcs","Strain084",38947,36819,1390,96.3621136381481
"Ozan_KOStrains_Viability_Plate1_Day3-Quiescent_Validation-Plate1_Day3-H1 Strain_085.fcs","Strain085",41185,35242,918,97.4612831858407
"Ozan_KOStrains_Viability_Plate1_Day3-Quiescent_Validation-Plate1_Day3-H2 Strain_086.fcs","Strain086",23775,20862,690,96.7984409799555
"Ozan_KOStrains_Viability_Plate1_Day3-Quiescent_Validation-Plate1_Day3-H3 Strain_087.fcs","Strain087",41067,36584,578,98.4446477584629
"Ozan_KOStrains_Viability_Plate1_Day3-Quiescent_Validation-Plate1_Day3-H4 Strain_088.fcs","Strain088",40202,35572,846,97.6769729254764
"Ozan_KOStrains_Viability_Plate1_Day3-Quiescent_Validation-Plate1_Day3-H5 Strain_089.fcs","Strain089",40846,37638,776,97.9799031603061
"Ozan_KOStrains_Viability_Plate1_Day3-Quiescent_Validation-Plate1_Day3-H6 Strain_090.fcs","Strain090",37755,34244,1539,95.699074979739
"Ozan_KOStrains_Viability_Plate1_Day3-Quiescent_Validation-Plate1_Day3-H7 Strain_091.fcs","Strain091",35382,31215,1388,95.7427230622949
"Ozan_KOStrains_Viability_Plate1_Day3-Quiescent_Validation-Plate1_Day3-H8 Strain_092.fcs","Strain092",34621,31686,2081,93.8371783101845
"Ozan_KOStrains_Viability_Plate1_Day3-Quiescent_Validation-Plate1_Day3-H9 Strain_093.fcs","Strain093",37111,32561,1534,95.5008065698783
"Ozan_KOStrains_Viability_Plate1_Day3-Quiescent_Validation-Plate1_Day3-H10 Strain_094.fcs","Strain094",34911,30633,2122,93.5215997557625
"Ozan_KOStrains_Viability_Plate1_Day3-Quiescent_Validation-Plate1_Day3-H11 Strain_095.fcs","Strain095",24533,20453,3514,85.3381733216506
"Ozan_KOStrains_Viability_Plate1_Day3-Quiescent_Validation-Plate1_Day3-H12 Strain_096.fcs","Strain096",37121,31331,1533,95.3353213242454
"Ozan_KOStrains_Viability_Plate2_Day3-Quiescent_Validation-Plate2_Day3-A1 Strain_097.fcs","Strain097",27706,26459,1066,96.1271571298819
"Ozan_KOStrains_Viability_Plate2_Day3-Quiescent_Validation-Plate2_Day3-A2 Strain_098.fcs","Strain098",32255,30536,1615,94.9768280924388
"Ozan_KOStrains_Viability_Plate2_Day3-Quiescent_Validation-Plate2_Day3-A3 Strain_099.fcs","Strain099",33745,31573,1635,95.076487593351
"Ozan_KOStrains_Viability_Plate2_Day3-Quiescent_Validation-Plate2_Day3-A4 Strain_100.fcs","Strain100",31845,29778,1758,94.4254185692542
"Ozan_KOStrains_Viability_Plate2_Day3-Quiescent_Validation-Plate2_Day3-A5 Strain_101.fcs","Strain101",33990,32977,950,97.1998703097828
"Ozan_KOStrains_Viability_Plate2_Day3-Quiescent_Validation-Plate2_Day3-A6 Strain_102.fcs","Strain102",30557,29228,1176,96.1320878831733
"Ozan_KOStrains_Viability_Plate2_Day3-Quiescent_Validation-Plate2_Day3-A7 Strain_103.fcs","Strain103",23703,22820,815,96.551724137931
"Ozan_KOStrains_Viability_Plate2_Day3-Quiescent_Validation-Plate2_Day3-A8 Strain_104.fcs","Strain104",30961,28833,2003,93.5043455701129
"Ozan_KOStrains_Viability_Plate2_Day3-Quiescent_Validation-Plate2_Day3-A9 Strain_105.fcs","Strain105",34889,33115,1624,95.325138892887
"Ozan_KOStrains_Viability_Plate2_Day3-Quiescent_Validation-Plate2_Day3-A10 Strain_106.fcs","Strain106",30660,29446,1097,96.408342337033
"Ozan_KOStrains_Viability_Plate2_Day3-Quiescent_Validation-Plate2_Day3-A11 Strain_107.fcs","Strain107",31849,29887,1734,94.5163024572278
"Ozan_KOStrains_Viability_Plate2_Day3-Quiescent_Validation-Plate2_Day3-A12 Strain_108.fcs","Strain108",32301,31116,1005,96.8712057532455
"Ozan_KOStrains_Viability_Plate2_Day3-Quiescent_Validation-Plate2_Day3-B1 Strain_109.fcs","Strain109",31399,29967,1329,95.7534509202454
"Ozan_KOStrains_Viability_Plate2_Day3-Quiescent_Validation-Plate2_Day3-B2 Strain_110.fcs","Strain110",31664,30671,907,97.1277471657483
"Ozan_KOStrains_Viability_Plate2_Day3-Quiescent_Validation-Plate2_Day3-B3 Strain_111.fcs","Strain111",31243,29789,1362,95.6277487079066
"Ozan_KOStrains_Viability_Plate2_Day3-Quiescent_Validation-Plate2_Day3-B4 Strain_112.fcs","Strain112",30287,28582,1453,95.1623106375895
"Ozan_KOStrains_Viability_Plate2_Day3-Quiescent_Validation-Plate2_Day3-B5 Strain_113.fcs","Strain113",21229,19455,1579,92.4931063991633
"Ozan_KOStrains_Viability_Plate2_Day3-Quiescent_Validation-Plate2_Day3-B6 Strain_114.fcs","Strain114",34060,32285,1307,96.1091926649202
"Ozan_KOStrains_Viability_Plate2_Day3-Quiescent_Validation-Plate2_Day3-B7 Strain_115.fcs","Strain115",34372,32978,1320,96.1513790891597
"Ozan_KOStrains_Viability_Plate2_Day3-Quiescent_Validation-Plate2_Day3-B8 Strain_116.fcs","Strain116",32388,30808,1484,95.4044345348693
"Ozan_KOStrains_Viability_Plate2_Day3-Quiescent_Validation-Plate2_Day3-B9 Strain_117.fcs","Strain117",33986,32794,1073,96.8317240972038
"Ozan_KOStrains_Viability_Plate2_Day3-Quiescent_Validation-Plate2_Day3-B10 Strain_118.fcs","Strain118",33438,31920,1324,96.0173264348454
"Ozan_KOStrains_Viability_Plate2_Day3-Quiescent_Validation-Plate2_Day3-B11 Strain_119.fcs","Strain119",33891,32091,1548,95.3981985195755
"Ozan_KOStrains_Viability_Plate2_Day3-Quiescent_Validation-Plate2_Day3-B12 Strain_120.fcs","Strain120",32753,31036,1624,95.0275566442131
"Ozan_KOStrains_Viability_Plate2_Day3-Quiescent_Validation-Plate2_Day3-C1 Strain_121.fcs","Strain121",35426,34228,1148,96.7548620533695
"Ozan_KOStrains_Viability_Plate2_Day3-Quiescent_Validation-Plate2_Day3-C2 Strain_122.fcs","Strain122",32650,31554,909,97.199889104519
"Ozan_KOStrains_Viability_Plate2_Day3-Quiescent_Validation-Plate2_Day3-C3 Strain_123.fcs","Strain123",33378,32129,1149,96.547268465653
"Ozan_KOStrains_Viability_Plate2_Day3-Quiescent_Validation-Plate2_Day3-C4 Strain_124.fcs","Strain124",35381,34125,1015,97.1115537848606
"Ozan_KOStrains_Viability_Plate2_Day3-Quiescent_Validation-Plate2_Day3-C5 Strain_125.fcs","Strain125",1760,1147,567,66.9194865810968
"Ozan_KOStrains_Viability_Plate2_Day3-Quiescent_Validation-Plate2_Day3-C6 Strain_126.fcs","Strain126",32847,31060,1745,94.680688919372
"Ozan_KOStrains_Viability_Plate2_Day3-Quiescent_Validation-Plate2_Day3-C7 Strain_127.fcs","Strain127",39872,39052,764,98.0811733976291
"Ozan_KOStrains_Viability_Plate2_Day3-Quiescent_Validation-Plate2_Day3-C8 Strain_128.fcs","Strain128",31886,29248,2380,92.4750221322878
"Ozan_KOStrains_Viability_Plate2_Day3-Quiescent_Validation-Plate2_Day3-C9 Strain_129.fcs","Strain129",35906,33905,1703,95.2173668838463
"Ozan_KOStrains_Viability_Plate2_Day3-Quiescent_Validation-Plate2_Day3-C10 Strain_130.fcs","Strain130",34920,32209,2291,93.3594202898551
"Ozan_KOStrains_Viability_Plate2_Day3-Quiescent_Validation-Plate2_Day3-C11 Strain_131.fcs","Strain131",34446,32369,1712,94.9766732196825
"Ozan_KOStrains_Viability_Plate2_Day3-Quiescent_Validation-Plate2_Day3-C12 Strain_132.fcs","Strain132",33975,32474,1399,95.8698668556077
"Ozan_KOStrains_Viability_Plate2_Day3-Quiescent_Validation-Plate2_Day3-D1 Strain_133.fcs","Strain133",33754,32380,1283,96.1886938181386
"Ozan_KOStrains_Viability_Plate2_Day3-Quiescent_Validation-Plate2_Day3-D2 Strain_134.fcs","Strain134",32321,31011,1147,96.4332358977548
"Ozan_KOStrains_Viability_Plate2_Day3-Quiescent_Validation-Plate2_Day3-D3 Strain_135.fcs","Strain135",32834,30953,1455,95.5103678104172
"Ozan_KOStrains_Viability_Plate2_Day3-Quiescent_Validation-Plate2_Day3-D4 Strain_136.fcs","Strain136",33377,31711,1151,96.4974742864098
"Ozan_KOStrains_Viability_Plate2_Day3-Quiescent_Validation-Plate2_Day3-D5 Strain_137.fcs","Strain137",30474,29444,867,97.1396522714526
"Ozan_KOStrains_Viability_Plate2_Day3-Quiescent_Validation-Plate2_Day3-D6 Strain_138.fcs","Strain138",30755,29443,1208,96.0588561547747
"Ozan_KOStrains_Viability_Plate2_Day3-Quiescent_Validation-Plate2_Day3-D7 Strain_139.fcs","Strain139",37038,35520,1276,96.5322317643222
"Ozan_KOStrains_Viability_Plate2_Day3-Quiescent_Validation-Plate2_Day3-D8 Strain_140.fcs","Strain140",32885,31038,1638,94.987146529563
"Ozan_KOStrains_Viability_Plate2_Day3-Quiescent_Validation-Plate2_Day3-D9 Strain_141.fcs","Strain141",35859,33761,1765,95.0318076901424
"Ozan_KOStrains_Viability_Plate2_Day3-Quiescent_Validation-Plate2_Day3-D10 Strain_142.fcs","Strain142",34222,31324,1864,94.3835121128119
"Ozan_KOStrains_Viability_Plate2_Day3-Quiescent_Validation-Plate2_Day3-D11 Strain_143.fcs","Strain143",35460,33535,1638,95.343018792824
"Ozan_KOStrains_Viability_Plate2_Day3-Quiescent_Validation-Plate2_Day3-D12 Strain_144.fcs","Strain144",34877,33300,1227,96.4462594491268
"Ozan_KOStrains_Viability_Plate2_Day3-Quiescent_Validation-Plate2_Day3-E1 Strain_145.fcs","Strain145",35210,33446,1371,96.0622684320878
"Ozan_KOStrains_Viability_Plate2_Day3-Quiescent_Validation-Plate2_Day3-E2 Strain_146.fcs","Strain146",32584,30383,1880,94.1728915475932
"Ozan_KOStrains_Viability_Plate2_Day3-Quiescent_Validation-Plate2_Day3-E3 Strain_147.fcs","Strain147",32093,30273,1729,94.5972126742079
"Ozan_KOStrains_Viability_Plate2_Day3-Quiescent_Validation-Plate2_Day3-E4 Strain_148.fcs","Strain148",34813,32844,1517,95.5851110270365
"Ozan_KOStrains_Viability_Plate2_Day3-Quiescent_Validation-Plate2_Day3-E5 Strain_149.fcs","Strain149",32777,31293,1409,95.6913950217112
"Ozan_KOStrains_Viability_Plate2_Day3-Quiescent_Validation-Plate2_Day3-E6 Strain_150.fcs","Strain150",30023,27134,2463,91.6782106294557
"Ozan_KOStrains_Viability_Plate2_Day3-Quiescent_Validation-Plate2_Day3-E7 Strain_151.fcs","Strain151",34875,32960,1447,95.7944604295638
"Ozan_KOStrains_Viability_Plate2_Day3-Quiescent_Validation-Plate2_Day3-E8 Strain_152.fcs","Strain152",32049,30602,1243,96.0967184801382
"Ozan_KOStrains_Viability_Plate2_Day3-Quiescent_Validation-Plate2_Day3-E9 Strain_153.fcs","Strain153",35313,33053,1677,95.1713216239562
"Ozan_KOStrains_Viability_Plate2_Day3-Quiescent_Validation-Plate2_Day3-E10 Strain_154.fcs","Strain154",37578,36270,1186,96.833618111918
"Ozan_KOStrains_Viability_Plate2_Day3-Quiescent_Validation-Plate2_Day3-E11 Strain_155.fcs","Strain155",39077,38387,570,98.5368483199425
"Ozan_KOStrains_Viability_Plate2_Day3-Quiescent_Validation-Plate2_Day3-E12 Strain_156.fcs","Strain156",19741,18953,652,96.6743177760775
"Ozan_KOStrains_Viability_Plate2_Day3-Quiescent_Validation-Plate2_Day3-F1 Strain_157.fcs","Strain157",37531,36318,1147,96.9384759108501
"Ozan_KOStrains_Viability_Plate2_Day3-Quiescent_Validation-Plate2_Day3-F2 Strain_158.fcs","Strain158",36903,35407,1164,96.8171502009789
"Ozan_KOStrains_Viability_Plate2_Day3-Quiescent_Validation-Plate2_Day3-F3 Strain_159.fcs","Strain159",32584,30011,2168,93.2626868454582
"Ozan_KOStrains_Viability_Plate2_Day3-Quiescent_Validation-Plate2_Day3-F4 Strain_160.fcs","Strain160",36360,34969,1142,96.8375287308576
"Ozan_KOStrains_Viability_Plate2_Day3-Quiescent_Validation-Plate2_Day3-F5 Strain_161.fcs","Strain161",36185,34927,1173,96.7506925207756
"Ozan_KOStrains_Viability_Plate2_Day3-Quiescent_Validation-Plate2_Day3-F6 Strain_162.fcs","Strain162",36150,35106,919,97.4489937543373
"Ozan_KOStrains_Viability_Plate2_Day3-Quiescent_Validation-Plate2_Day3-F7 Strain_163.fcs","Strain163",35207,33805,1312,96.2639177606288
"Ozan_KOStrains_Viability_Plate2_Day3-Quiescent_Validation-Plate2_Day3-F8 Strain_164.fcs","Strain164",33698,32348,1199,96.4259099174293
"Ozan_KOStrains_Viability_Plate2_Day3-Quiescent_Validation-Plate2_Day3-F9 Strain_165.fcs","Strain165",35987,33707,1130,96.7563223010018
"Ozan_KOStrains_Viability_Plate2_Day3-Quiescent_Validation-Plate2_Day3-F10 Strain_166.fcs","Strain166",37043,35794,1092,97.0395271918885
"Ozan_KOStrains_Viability_Plate2_Day3-Quiescent_Validation-Plate2_Day3-F12 SC5314.fcs","SC5314",29986,24451,315,98.728094968909
