name,strain
Ozan_KOStrains_Viability_Plate1_Day3-Quiescent_Validation-Plate1_Day3-A1 Strain_001.fcs,Strain001
Ozan_KOStrains_Viability_Plate1_Day3-Quiescent_Validation-Plate1_Day3-A2 Strain_002.fcs,Strain002
Ozan_KOStrains_Viability_Plate1_Day3-Quiescent_Validation-Plate1_Day3-A3 Strain_003.fcs,Strain003
Ozan_KOStrains_Viability_Plate1_Day3-Quiescent_Validation-Plate1_Day3-A4 Strain_004.fcs,Strain004
Ozan_KOStrains_Viability_Plate1_Day3-Quiescent_Validation-Plate1_Day3-A5 Strain_005.fcs,Strain005
Ozan_KOStrains_Viability_Plate1_Day3-Quiescent_Validation-Plate1_Day3-A6 Strain_006.fcs,Strain006
Ozan_KOStrains_Viability_Plate1_Day3-Quiescent_Validation-Plate1_Day3-A7 Strain_007.fcs,Strain007
Ozan_KOStrains_Viability_Plate1_Day3-Quiescent_Validation-Plate1_Day3-A8 Strain_008.fcs,Strain008
Ozan_KOStrains_Viability_Plate1_Day3-Quiescent_Validation-Plate1_Day3-A9 Strain_009.fcs,Strain009
Ozan_KOStrains_Viability_Plate1_Day3-Quiescent_Validation-Plate1_Day3-A10 Strain_010.fcs,Strain010
Ozan_KOStrains_Viability_Plate1_Day3-Quiescent_Validation-Plate1_Day3-A11 Strain_011.fcs,Strain011
Ozan_KOStrains_Viability_Plate1_Day3-Quiescent_Validation-Plate1_Day3-A12 Strain_012.fcs,Strain012
Ozan_KOStrains_Viability_Plate1_Day3-Quiescent_Validation-Plate1_Day3-B1 Strain_013.fcs,Strain013
Ozan_KOStrains_Viability_Plate1_Day3-Quiescent_Validation-Plate1_Day3-B2 Strain_014.fcs,Strain014
Ozan_KOStrains_Viability_Plate1_Day3-Quiescent_Validation-Plate1_Day3-B3 Strain_015.fcs,Strain015
Ozan_KOStrains_Viability_Plate1_Day3-Quiescent_Validation-Plate1_Day3-B4 Strain_016.fcs,Strain016
Ozan_KOStrains_Viability_Plate1_Day3-Quiescent_Validation-Plate1_Day3-B5 Strain_017.fcs,Strain017
Ozan_KOStrains_Viability_Plate1_Day3-Quiescent_Validation-Plate1_Day3-B6 Strain_018.fcs,Strain018
Ozan_KOStrains_Viability_Plate1_Day3-Quiescent_Validation-Plate1_Day3-B7 Strain_019.fcs,Strain019
Ozan_KOStrains_Viability_Plate1_Day3-Quiescent_Validation-Plate1_Day3-B8 Strain_020.fcs,Strain020
Ozan_KOStrains_Viability_Plate1_Day3-Quiescent_Validation-Plate1_Day3-B9 Strain_021.fcs,Strain021
Ozan_KOStrains_Viability_Plate1_Day3-Quiescent_Validation-Plate1_Day3-B10 Strain_022.fcs,Strain022
Ozan_KOStrains_Viability_Plate1_Day3-Quiescent_Validation-Plate1_Day3-B11 Strain_023.fcs,Strain023
Ozan_KOStrains_Viability_Plate1_Day3-Quiescent_Validation-Plate1_Day3-B12 Strain_024.fcs,Strain024
Ozan_KOStrains_Viability_Plate1_Day3-Quiescent_Validation-Plate1_Day3-C1 Strain_025.fcs,Strain025
Ozan_KOStrains_Viability_Plate1_Day3-Quiescent_Validation-Plate1_Day3-C2 Strain_026.fcs,Strain026
Ozan_KOStrains_Viability_Plate1_Day3-Quiescent_Validation-Plate1_Day3-C3 Strain_027.fcs,Strain027
Ozan_KOStrains_Viability_Plate1_Day3-Quiescent_Validation-Plate1_Day3-C4 Strain_028.fcs,Strain028
Ozan_KOStrains_Viability_Plate1_Day3-Quiescent_Validation-Plate1_Day3-C5 Strain_029.fcs,Strain029
Ozan_KOStrains_Viability_Plate1_Day3-Quiescent_Validation-Plate1_Day3-C6 Strain_030.fcs,Strain030
Ozan_KOStrains_Viability_Plate1_Day3-Quiescent_Validation-Plate1_Day3-C7 Strain_031.fcs,Strain031
Ozan_KOStrains_Viability_Plate1_Day3-Quiescent_Validation-Plate1_Day3-C8 Strain_032.fcs,Strain032
Ozan_KOStrains_Viability_Plate1_Day3-Quiescent_Validation-Plate1_Day3-C9 Strain_033.fcs,Strain033
Ozan_KOStrains_Viability_Plate1_Day3-Quiescent_Validation-Plate1_Day3-C10 Strain_034.fcs,Strain034
Ozan_KOStrains_Viability_Plate1_Day3-Quiescent_Validation-Plate1_Day3-C11 Strain_035.fcs,Strain035
Ozan_KOStrains_Viability_Plate1_Day3-Quiescent_Validation-Plate1_Day3-C12 Strain_036.fcs,Strain036
Ozan_KOStrains_Viability_Plate1_Day3-Quiescent_Validation-Plate1_Day3-D1 Strain_037.fcs,Strain037
Ozan_KOStrains_Viability_Plate1_Day3-Quiescent_Validation-Plate1_Day3-D2 Strain_038.fcs,Strain038
Ozan_KOStrains_Viability_Plate1_Day3-Quiescent_Validation-Plate1_Day3-D3 Strain_039.fcs,Strain039
Ozan_KOStrains_Viability_Plate1_Day3-Quiescent_Validation-Plate1_Day3-D4 Strain_040.fcs,Strain040
Ozan_KOStrains_Viability_Plate1_Day3-Quiescent_Validation-Plate1_Day3-D5 Strain_041.fcs,Strain041
Ozan_KOStrains_Viability_Plate1_Day3-Quiescent_Validation-Plate1_Day3-D6 Strain_042.fcs,Strain042
Ozan_KOStrains_Viability_Plate1_Day3-Quiescent_Validation-Plate1_Day3-D7 Strain_043.fcs,Strain043
Ozan_KOStrains_Viability_Plate1_Day3-Quiescent_Validation-Plate1_Day3-D8 Strain_044.fcs,Strain044
Ozan_KOStrains_Viability_Plate1_Day3-Quiescent_Validation-Plate1_Day3-D9 Strain_045.fcs,Strain045
Ozan_KOStrains_Viability_Plate1_Day3-Quiescent_Validation-Plate1_Day3-D10 Strain_046.fcs,Strain046
Ozan_KOStrains_Viability_Plate1_Day3-Quiescent_Validation-Plate1_Day3-D11 Strain_047.fcs,Strain047
Ozan_KOStrains_Viability_Plate1_Day3-Quiescent_Validation-Plate1_Day3-D12 Strain_048.fcs,Strain048
Ozan_KOStrains_Viability_Plate1_Day3-Quiescent_Validation-Plate1_Day3-E1 Strain_049.fcs,Strain049
Ozan_KOStrains_Viability_Plate1_Day3-Quiescent_Validation-Plate1_Day3-E2 Strain_050.fcs,Strain050
Ozan_KOStrains_Viability_Plate1_Day3-Quiescent_Validation-Plate1_Day3-E3 Strain_051.fcs,Strain051
Ozan_KOStrains_Viability_Plate1_Day3-Quiescent_Validation-Plate1_Day3-E4 Strain_052.fcs,Strain052
Ozan_KOStrains_Viability_Plate1_Day3-Quiescent_Validation-Plate1_Day3-E5 Strain_053.fcs,Strain053
Ozan_KOStrains_Viability_Plate1_Day3-Quiescent_Validation-Plate1_Day3-E6 Strain_054.fcs,Strain054
Ozan_KOStrains_Viability_Plate1_Day3-Quiescent_Validation-Plate1_Day3-E7 Strain_055.fcs,Strain055
Ozan_KOStrains_Viability_Plate1_Day3-Quiescent_Validation-Plate1_Day3-E8 Strain_056.fcs,Strain056
Ozan_KOStrains_Viability_Plate1_Day3-Quiescent_Validation-Plate1_Day3-E9 Strain_057.fcs,Strain057
Ozan_KOStrains_Viability_Plate1_Day3-Quiescent_Validation-Plate1_Day3-E10 Strain_058.fcs,Strain058
Ozan_KOStrains_Viability_Plate1_Day3-Quiescent_Validation-Plate1_Day3-E11 Strain_059.fcs,Strain059
Ozan_KOStrains_Viability_Plate1_Day3-Quiescent_Validation-Plate1_Day3-E12 Strain_060.fcs,Strain060
Ozan_KOStrains_Viability_Plate1_Day3-Quiescent_Validation-Plate1_Day3-F1 Strain_061.fcs,Strain061
Ozan_KOStrains_Viability_Plate1_Day3-Quiescent_Validation-Plate1_Day3-F2 Strain_062.fcs,Strain062
Ozan_KOStrains_Viability_Plate1_Day3-Quiescent_Validation-Plate1_Day3-F3 Strain_063.fcs,Strain063
Ozan_KOStrains_Viability_Plate1_Day3-Quiescent_Validation-Plate1_Day3-F4 Strain_064.fcs,Strain064
Ozan_KOStrains_Viability_Plate1_Day3-Quiescent_Validation-Plate1_Day3-F5 Strain_065.fcs,Strain065
Ozan_KOStrains_Viability_Plate1_Day3-Quiescent_Validation-Plate1_Day3-F6 Strain_066.fcs,Strain066
Ozan_KOStrains_Viability_Plate1_Day3-Quiescent_Validation-Plate1_Day3-F7 Strain_067.fcs,Strain067
Ozan_KOStrains_Viability_Plate1_Day3-Quiescent_Validation-Plate1_Day3-F8 Strain_068.fcs,Strain068
Ozan_KOStrains_Viability_Plate1_Day3-Quiescent_Validation-Plate1_Day3-F9 Strain_069.fcs,Strain069
Ozan_KOStrains_Viability_Plate1_Day3-Quiescent_Validation-Plate1_Day3-F10 Strain_070.fcs,Strain070
Ozan_KOStrains_Viability_Plate1_Day3-Quiescent_Validation-Plate1_Day3-F11 Strain_071.fcs,Strain071
Ozan_KOStrains_Viability_Plate1_Day3-Quiescent_Validation-Plate1_Day3-F12 Strain_072.fcs,Strain072
Ozan_KOStrains_Viability_Plate1_Day3-Quiescent_Validation-Plate1_Day3-G1 Strain_073.fcs,Strain073
Ozan_KOStrains_Viability_Plate1_Day3-Quiescent_Validation-Plate1_Day3-G2 Strain_074.fcs,Strain074
Ozan_KOStrains_Viability_Plate1_Day3-Quiescent_Validation-Plate1_Day3-G3 Strain_075.fcs,Strain075
Ozan_KOStrains_Viability_Plate1_Day3-Quiescent_Validation-Plate1_Day3-G4 Strain_076.fcs,Strain076
Ozan_KOStrains_Viability_Plate1_Day3-Quiescent_Validation-Plate1_Day3-G5 Strain_077.fcs,Strain077
Ozan_KOStrains_Viability_Plate1_Day3-Quiescent_Validation-Plate1_Day3-G6 Strain_078.fcs,Strain078
Ozan_KOStrains_Viability_Plate1_Day3-Quiescent_Validation-Plate1_Day3-G7 Strain_079.fcs,Strain079
Ozan_KOStrains_Viability_Plate1_Day3-Quiescent_Validation-Plate1_Day3-G8 Strain_080.fcs,Strain080
Ozan_KOStrains_Viability_Plate1_Day3-Quiescent_Validation-Plate1_Day3-G9 Strain_081.fcs,Strain081
Ozan_KOStrains_Viability_Plate1_Day3-Quiescent_Validation-Plate1_Day3-G10 Strain_082.fcs,Strain082
Ozan_KOStrains_Viability_Plate1_Day3-Quiescent_Validation-Plate1_Day3-G11 Strain_083.fcs,Strain083
Ozan_KOStrains_Viability_Plate1_Day3-Quiescent_Validation-Plate1_Day3-G12 Strain_084.fcs,Strain084
Ozan_KOStrains_Viability_Plate1_Day3-Quiescent_Validation-Plate1_Day3-H1 Strain_085.fcs,Strain085
Ozan_KOStrains_Viability_Plate1_Day3-Quiescent_Validation-Plate1_Day3-H2 Strain_086.fcs,Strain086
Ozan_KOStrains_Viability_Plate1_Day3-Quiescent_Validation-Plate1_Day3-H3 Strain_087.fcs,Strain087
Ozan_KOStrains_Viability_Plate1_Day3-Quiescent_Validation-Plate1_Day3-H4 Strain_088.fcs,Strain088
Ozan_KOStrains_Viability_Plate1_Day3-Quiescent_Validation-Plate1_Day3-H5 Strain_089.fcs,Strain089
Ozan_KOStrains_Viability_Plate1_Day3-Quiescent_Validation-Plate1_Day3-H6 Strain_090.fcs,Strain090
Ozan_KOStrains_Viability_Plate1_Day3-Quiescent_Validation-Plate1_Day3-H7 Strain_091.fcs,Strain091
Ozan_KOStrains_Viability_Plate1_Day3-Quiescent_Validation-Plate1_Day3-H8 Strain_092.fcs,Strain092
Ozan_KOStrains_Viability_Plate1_Day3-Quiescent_Validation-Plate1_Day3-H9 Strain_093.fcs,Strain093
Ozan_KOStrains_Viability_Plate1_Day3-Quiescent_Validation-Plate1_Day3-H10 Strain_094.fcs,Strain094
Ozan_KOStrains_Viability_Plate1_Day3-Quiescent_Validation-Plate1_Day3-H11 Strain_095.fcs,Strain095
Ozan_KOStrains_Viability_Plate1_Day3-Quiescent_Validation-Plate1_Day3-H12 Strain_096.fcs,Strain096
Ozan_KOStrains_Viability_Plate2_Day3-Quiescent_Validation-Plate2_Day3-A1 Strain_097.fcs,Strain097
Ozan_KOStrains_Viability_Plate2_Day3-Quiescent_Validation-Plate2_Day3-A2 Strain_098.fcs,Strain098
Ozan_KOStrains_Viability_Plate2_Day3-Quiescent_Validation-Plate2_Day3-A3 Strain_099.fcs,Strain099
Ozan_KOStrains_Viability_Plate2_Day3-Quiescent_Validation-Plate2_Day3-A4 Strain_100.fcs,Strain100
Ozan_KOStrains_Viability_Plate2_Day3-Quiescent_Validation-Plate2_Day3-A5 Strain_101.fcs,Strain101
Ozan_KOStrains_Viability_Plate2_Day3-Quiescent_Validation-Plate2_Day3-A6 Strain_102.fcs,Strain102
Ozan_KOStrains_Viability_Plate2_Day3-Quiescent_Validation-Plate2_Day3-A7 Strain_103.fcs,Strain103
Ozan_KOStrains_Viability_Plate2_Day3-Quiescent_Validation-Plate2_Day3-A8 Strain_104.fcs,Strain104
Ozan_KOStrains_Viability_Plate2_Day3-Quiescent_Validation-Plate2_Day3-A9 Strain_105.fcs,Strain105
Ozan_KOStrains_Viability_Plate2_Day3-Quiescent_Validation-Plate2_Day3-A10 Strain_106.fcs,Strain106
Ozan_KOStrains_Viability_Plate2_Day3-Quiescent_Validation-Plate2_Day3-A11 Strain_107.fcs,Strain107
Ozan_KOStrains_Viability_Plate2_Day3-Quiescent_Validation-Plate2_Day3-A12 Strain_108.fcs,Strain108
Ozan_KOStrains_Viability_Plate2_Day3-Quiescent_Validation-Plate2_Day3-B1 Strain_109.fcs,Strain109
Ozan_KOStrains_Viability_Plate2_Day3-Quiescent_Validation-Plate2_Day3-B2 Strain_110.fcs,Strain110
Ozan_KOStrains_Viability_Plate2_Day3-Quiescent_Validation-Plate2_Day3-B3 Strain_111.fcs,Strain111
Ozan_KOStrains_Viability_Plate2_Day3-Quiescent_Validation-Plate2_Day3-B4 Strain_112.fcs,Strain112
Ozan_KOStrains_Viability_Plate2_Day3-Quiescent_Validation-Plate2_Day3-B5 Strain_113.fcs,Strain113
Ozan_KOStrains_Viability_Plate2_Day3-Quiescent_Validation-Plate2_Day3-B6 Strain_114.fcs,Strain114
Ozan_KOStrains_Viability_Plate2_Day3-Quiescent_Validation-Plate2_Day3-B7 Strain_115.fcs,Strain115
Ozan_KOStrains_Viability_Plate2_Day3-Quiescent_Validation-Plate2_Day3-B8 Strain_116.fcs,Strain116
Ozan_KOStrains_Viability_Plate2_Day3-Quiescent_Validation-Plate2_Day3-B9 Strain_117.fcs,Strain117
Ozan_KOStrains_Viability_Plate2_Day3-Quiescent_Validation-Plate2_Day3-B10 Strain_118.fcs,Strain118
Ozan_KOStrains_Viability_Plate2_Day3-Quiescent_Validation-Plate2_Day3-B11 Strain_119.fcs,Strain119
Ozan_KOStrains_Viability_Plate2_Day3-Quiescent_Validation-Plate2_Day3-B12 Strain_120.fcs,Strain120
Ozan_KOStrains_Viability_Plate2_Day3-Quiescent_Validation-Plate2_Day3-C1 Strain_121.fcs,Strain121
Ozan_KOStrains_Viability_Plate2_Day3-Quiescent_Validation-Plate2_Day3-C2 Strain_122.fcs,Strain122
Ozan_KOStrains_Viability_Plate2_Day3-Quiescent_Validation-Plate2_Day3-C3 Strain_123.fcs,Strain123
Ozan_KOStrains_Viability_Plate2_Day3-Quiescent_Validation-Plate2_Day3-C4 Strain_124.fcs,Strain124
Ozan_KOStrains_Viability_Plate2_Day3-Quiescent_Validation-Plate2_Day3-C5 Strain_125.fcs,Strain125
Ozan_KOStrains_Viability_Plate2_Day3-Quiescent_Validation-Plate2_Day3-C6 Strain_126.fcs,Strain126
Ozan_KOStrains_Viability_Plate2_Day3-Quiescent_Validation-Plate2_Day3-C7 Strain_127.fcs,Strain127
Ozan_KOStrains_Viability_Plate2_Day3-Quiescent_Validation-Plate2_Day3-C8 Strain_128.fcs,Strain128
Ozan_KOStrains_Viability_Plate2_Day3-Quiescent_Validation-Plate2_Day3-C9 Strain_129.fcs,Strain129
Ozan_KOStrains_Viability_Plate2_Day3-Quiescent_Validation-Plate2_Day3-C10 Strain_130.fcs,Strain130
Ozan_KOStrains_Viability_Plate2_Day3-Quiescent_Validation-Plate2_Day3-C11 Strain_131.fcs,Strain131
Ozan_KOStrains_Viability_Plate2_Day3-Quiescent_Validation-Plate2_Day3-C12 Strain_132.fcs,Strain132
Ozan_KOStrains_Viability_Plate2_Day3-Quiescent_Validation-Plate2_Day3-D1 Strain_133.fcs,Strain133
Ozan_KOStrains_Viability_Plate2_Day3-Quiescent_Validation-Plate2_Day3-D2 Strain_134.fcs,Strain134
Ozan_KOStrains_Viability_Plate2_Day3-Quiescent_Validation-Plate2_Day3-D3 Strain_135.fcs,Strain135
Ozan_KOStrains_Viability_Plate2_Day3-Quiescent_Validation-Plate2_Day3-D4 Strain_136.fcs,Strain136
Ozan_KOStrains_Viability_Plate2_Day3-Quiescent_Validation-Plate2_Day3-D5 Strain_137.fcs,Strain137
Ozan_KOStrains_Viability_Plate2_Day3-Quiescent_Validation-Plate2_Day3-D6 Strain_138.fcs,Strain138
Ozan_KOStrains_Viability_Plate2_Day3-Quiescent_Validation-Plate2_Day3-D7 Strain_139.fcs,Strain139
Ozan_KOStrains_Viability_Plate2_Day3-Quiescent_Validation-Plate2_Day3-D8 Strain_140.fcs,Strain140
Ozan_KOStrains_Viability_Plate2_Day3-Quiescent_Validation-Plate2_Day3-D9 Strain_141.fcs,Strain141
Ozan_KOStrains_Viability_Plate2_Day3-Quiescent_Validation-Plate2_Day3-D10 Strain_142.fcs,Strain142
Ozan_KOStrains_Viability_Plate2_Day3-Quiescent_Validation-Plate2_Day3-D11 Strain_143.fcs,Strain143
Ozan_KOStrains_Viability_Plate2_Day3-Quiescent_Validation-Plate2_Day3-D12 Strain_144.fcs,Strain144
Ozan_KOStrains_Viability_Plate2_Day3-Quiescent_Validation-Plate2_Day3-E1 Strain_145.fcs,Strain145
Ozan_KOStrains_Viability_Plate2_Day3-Quiescent_Validation-Plate2_Day3-E2 Strain_146.fcs,Strain146
Ozan_KOStrains_Viability_Plate2_Day3-Quiescent_Validation-Plate2_Day3-E3 Strain_147.fcs,Strain147
Ozan_KOStrains_Viability_Plate2_Day3-Quiescent_Validation-Plate2_Day3-E4 Strain_148.fcs,Strain148
Ozan_KOStrains_Viability_Plate2_Day3-Quiescent_Validation-Plate2_Day3-E5 Strain_149.fcs,Strain149
Ozan_KOStrains_Viability_Plate2_Day3-Quiescent_Validation-Plate2_Day3-E6 Strain_150.fcs,Strain150
Ozan_KOStrains_Viability_Plate2_Day3-Quiescent_Validation-Plate2_Day3-E7 Strain_151.fcs,Strain151
Ozan_KOStrains_Viability_Plate2_Day3-Quiescent_Validation-Plate2_Day3-E8 Strain_152.fcs,Strain152
Ozan_KOStrains_Viability_Plate2_Day3-Quiescent_Validation-Plate2_Day3-E9 Strain_153.fcs,Strain153
Ozan_KOStrains_Viability_Plate2_Day3-Quiescent_Validation-Plate2_Day3-E10 Strain_154.fcs,Strain154
Ozan_KOStrains_Viability_Plate2_Day3-Quiescent_Validation-Plate2_Day3-E11 Strain_155.fcs,Strain155
Ozan_KOStrains_Viability_Plate2_Day3-Quiescent_Validation-Plate2_Day3-E12 Strain_156.fcs,Strain156
Ozan_KOStrains_Viability_Plate2_Day3-Quiescent_Validation-Plate2_Day3-F1 Strain_157.fcs,Strain157
Ozan_KOStrains_Viability_Plate2_Day3-Quiescent_Validation-Plate2_Day3-F2 Strain_158.fcs,Strain158
Ozan_KOStrains_Viability_Plate2_Day3-Quiescent_Validation-Plate2_Day3-F3 Strain_159.fcs,Strain159
Ozan_KOStrains_Viability_Plate2_Day3-Quiescent_Validation-Plate2_Day3-F4 Strain_160.fcs,Strain160
Ozan_KOStrains_Viability_Plate2_Day3-Quiescent_Validation-Plate2_Day3-F5 Strain_161.fcs,Strain161
Ozan_KOStrains_Viability_Plate2_Day3-Quiescent_Validation-Plate2_Day3-F6 Strain_162.fcs,Strain162
Ozan_KOStrains_Viability_Plate2_Day3-Quiescent_Validation-Plate2_Day3-F7 Strain_163.fcs,Strain163
Ozan_KOStrains_Viability_Plate2_Day3-Quiescent_Validation-Plate2_Day3-F8 Strain_164.fcs,Strain164
Ozan_KOStrains_Viability_Plate2_Day3-Quiescent_Validation-Plate2_Day3-F9 Strain_165.fcs,Strain165
Ozan_KOStrains_Viability_Plate2_Day3-Quiescent_Validation-Plate2_Day3-F10 Strain_166.fcs,Strain166
Ozan_KOStrains_Viability_Plate2_Day3-Quiescent_Validation-Plate2_Day3-F12 SC5314.fcs,SC5314
