Name,Sample,Growth,Treatment,Dose,Live_percent,Dead_percent
Micafungin_Sample11-A1 Blank,Sample11,Quiescent,Micafungin,0,75.45,22.35
Micafungin_Sample11-B1 0.001ug_Micafungin,Sample11,Quiescent,Micafungin,0.001,76.32,21.99
Micafungin_Sample11-C1 0.01ug_Micafungin,Sample11,Quiescent,Micafungin,0.01,74.74,23.2
Micafungin_Sample11-D1 0.1ug_Micafungin,Sample11,Quiescent,Micafungin,0.1,76.34,21.79
Micafungin_Sample11-E1 1ug_Micafungin,Sample11,Quiescent,Micafungin,1,74.65,23.17
Micafungin_Sample11-F1 10ug_Micafungin,Sample11,Quiescent,Micafungin,10,74.4,23.58
Micafungin_Sample12-A2 Blank,Sample12,Quiescent,Micafungin,0,99.23,0.71
Micafungin_Sample12-B2 0.001ug_Micafungin,Sample12,Quiescent,Micafungin,0.001,99.3,0.64
Micafungin_Sample12-C2 0.01ug_Micafungin,Sample12,Quiescent,Micafungin,0.01,99.26,0.67
Micafungin_Sample12-D2 0.1ug_Micafungin,Sample12,Quiescent,Micafungin,0.1,99.2,0.72
Micafungin_Sample12-E2 1ug_Micafungin,Sample12,Quiescent,Micafungin,1,99.14,0.75
Micafungin_Sample12-F2 10ug_Micafungin,Sample12,Quiescent,Micafungin,10,99.1,0.79
Micafungin_Sample13-A3 Blank,Sample13,Quiescent,Micafungin,0,95.08,4.92
Micafungin_Sample13-B3 0.001ug_Micafungin,Sample13,Quiescent,Micafungin,0.001,94.8,5.18
Micafungin_Sample13-C3 0.01ug_Micafungin,Sample13,Quiescent,Micafungin,0.01,94.4,5.6
Micafungin_Sample13-D3 0.1ug_Micafungin,Sample13,Quiescent,Micafungin,0.1,94.32,5.67
Micafungin_Sample13-E3 1ug_Micafungin,Sample13,Quiescent,Micafungin,1,94.51,5.46
Micafungin_Sample13-F3 10ug_Micafungin,Sample13,Quiescent,Micafungin,10,94.47,5.53
Micafungin_Sample14-A4 Blank,Sample14,Quiescent,Micafungin,0,93.82,6.11
Micafungin_Sample14-B4 0.001ug_Micafungin,Sample14,Quiescent,Micafungin,0.001,93.82,6.04
Micafungin_Sample14-C4 0.01ug_Micafungin,Sample14,Quiescent,Micafungin,0.01,93.49,6.13
Micafungin_Sample14-D4 0.1ug_Micafungin,Sample14,Quiescent,Micafungin,0.1,93.56,5.38
Micafungin_Sample14-E4 1ug_Micafungin,Sample14,Quiescent,Micafungin,1,93.32,6.09
Micafungin_Sample14-F4 10ug_Micafungin,Sample14,Quiescent,Micafungin,10,93.48,5.37
Micafungin_Sample15-A5 Blank,Sample15,Quiescent,Micafungin,0,93.05,6.86
Micafungin_Sample15-B5 0.001ug_Micafungin,Sample15,Quiescent,Micafungin,0.001,92.22,7.68
Micafungin_Sample15-C5 0.01ug_Micafungin,Sample15,Quiescent,Micafungin,0.01,92.36,7.52
Micafungin_Sample15-D5 0.1ug_Micafungin,Sample15,Quiescent,Micafungin,0.1,92.59,7.28
Micafungin_Sample15-E5 1ug_Micafungin,Sample15,Quiescent,Micafungin,1,92.01,7.58
Micafungin_Sample15-F5 10ug_Micafungin,Sample15,Quiescent,Micafungin,10,92.62,7.21
Micafungin_Sample16-A6 Blank,Sample16,Quiescent,Micafungin,0,99.82,0.18
Micafungin_Sample16-B6 0.001ug_Micafungin,Sample16,Quiescent,Micafungin,0.001,99.81,0.17
Micafungin_Sample16-C6 0.01ug_Micafungin,Sample16,Quiescent,Micafungin,0.01,99.82,0.17
Micafungin_Sample16-D6 0.1ug_Micafungin,Sample16,Quiescent,Micafungin,0.1,99.82,0.16
Micafungin_Sample16-E6 1ug_Micafungin,Sample16,Quiescent,Micafungin,1,99.81,0.18
Micafungin_Sample16-F6 10ug_Micafungin,Sample16,Quiescent,Micafungin,10,99.83,0.17
Micafungin_Sample17-B7 0.001ug_Micafungin,Sample17,Quiescent,Micafungin,0.001,97.32,2.67
Micafungin_Sample17-E7 1ug_Micafungin,Sample17,Quiescent,Micafungin,1,97.28,2.71
Micafungin_Sample17-F7 10ug_Micafungin,Sample17,Quiescent,Micafungin,10,97.3,2.65
Micafungin_Sample17-A7 Blank,Sample17,Quiescent,Micafungin,0,97.63,2.36
Micafungin_Sample17-C7 0.01ug_Micafungin,Sample17,Quiescent,Micafungin,0.01,97.14,2.84
Micafungin_Sample17-D7 0.1ug_Micafungin,Sample17,Quiescent,Micafungin,0.1,97.28,2.72
Micafungin_Sample18-B8 0.001ug_Micafungin,Sample18,Quiescent,Micafungin,0.001,85.71,10.49
Micafungin_Sample18-D8 0.1ug_Micafungin,Sample18,Quiescent,Micafungin,0.1,79.47,12.63
Micafungin_Sample18-F8 10ug_Micafungin,Sample18,Quiescent,Micafungin,10,76.83,14.06
Micafungin_Sample18-E8 1ug_Micafungin,Sample18,Quiescent,Micafungin,1,80.63,13.05
Micafungin_Sample18-A8 Blank,Sample18,Quiescent,Micafungin,0,82.27,11.05
Micafungin_Sample18-C8 0.01ug_Micafungin,Sample18,Quiescent,Micafungin,0.01,71.31,13.75
Micafungin_Sample19-A9 Blank,Sample19,Quiescent,Micafungin,0,99.73,0.27
Micafungin_Sample19-D9 0.1ug_Micafungin,Sample19,Quiescent,Micafungin,0.1,99.74,0.26
Micafungin_Sample19-C9 0.01ug_Micafungin,Sample19,Quiescent,Micafungin,0.01,99.76,0.23
Micafungin_Sample19-B9 0.001ug_Micafungin,Sample19,Quiescent,Micafungin,0.001,99.75,0.25
Micafungin_Sample19-E9 1ug_Micafungin,Sample19,Quiescent,Micafungin,1,99.75,0.24
Micafungin_Sample19-F9 10ug_Micafungin,Sample19,Quiescent,Micafungin,10,99.73,0.26
Micafungin_Sample20-D10 0.1ug_Micafungin,Sample20,Quiescent,Micafungin,0.1,97.21,2.81
Micafungin_Sample20-A10 Blank,Sample20,Quiescent,Micafungin,0,97.14,2.89
Micafungin_Sample20-B10 0.001ug_Micafungin,Sample20,Quiescent,Micafungin,0.001,97.24,2.79
Micafungin_Sample20-F10 10ug_Micafungin,Sample20,Quiescent,Micafungin,10,96.86,3.16
Micafungin_Sample20-E10 1ug_Micafungin,Sample20,Quiescent,Micafungin,1,96.95,3.08
Micafungin_Sample20-C10 0.01ug_Micafungin,Sample20,Quiescent,Micafungin,0.01,97.17,2.86